[00:50:26.235] [INFO] Storybook upgrade - v10.4.1
[00:50:26.238] [INFO] detect-projects-spinner-start: Detecting projects...
[00:50:26.240] [DEBUG] Finding Storybook projects...
[00:50:35.791] [DEBUG] Found 2 Storybook projects
[00:50:35.794] [INFO] detect-projects-spinner: Detecting projects: 1 projects
[00:50:35.794] [DEBUG] Getting Storybook data...
[00:50:35.795] [DEBUG] Getting Storybook info...
[00:50:35.798] [INFO] detect-projects-spinner: Detecting projects: 2 projects
[00:50:35.798] [DEBUG] Getting Storybook data...
[00:50:35.798] [DEBUG] Getting Storybook info...
[00:50:35.930] [DEBUG] Loading main config...
[00:50:35.930] [DEBUG] Getting stories paths...
[00:50:35.948] [DEBUG] Loading main config...
[00:50:35.948] [DEBUG] Getting stories paths...
[00:50:36.005] [DEBUG] Getting package manager...
[00:50:37.346] [DEBUG] Getting package.json info for D:/documents-from-c/GitHub/rh-nx-monorepo/package.json...
[00:50:37.346] [DEBUG] Getting Storybook version...
[00:50:37.348] [DEBUG] Detecting CSF factory usage...
[00:50:37.349] [DEBUG] Getting package manager...
[00:50:38.486] [DEBUG] Getting package.json info for D:/documents-from-c/GitHub/rh-nx-monorepo/package.json...
[00:50:38.486] [DEBUG] Getting Storybook version...
[00:50:38.488] [DEBUG] Detecting CSF factory usage...
[00:50:38.508] [DEBUG] D:/documents-from-c/GitHub/rh-nx-monorepo/libs/shared/ui/.storybook - Validating before version... 10.1.0
[00:50:38.508] [DEBUG] D:/documents-from-c/GitHub/rh-nx-monorepo/libs/shared/ui/.storybook - Validating upgrade compatibility...
[00:50:38.508] [DEBUG] D:/documents-from-c/GitHub/rh-nx-monorepo/libs/shared/ui/.storybook - Fetching NPM version information...
[00:50:38.508] [DEBUG] Getting CLI versions from NPM for storybook...
[00:50:38.509] [DEBUG] Executing command: pnpm info storybook version
[00:50:38.598] [DEBUG] Getting CLI versions from NPM for storybook@next...
[00:50:38.598] [DEBUG] Executing command: pnpm info storybook@next version
[00:50:38.698] [DEBUG] D:/documents-from-c/GitHub/rh-nx-monorepo/libs/portal/ui/.storybook - Validating before version... 10.1.0
[00:50:38.698] [DEBUG] D:/documents-from-c/GitHub/rh-nx-monorepo/libs/portal/ui/.storybook - Validating upgrade compatibility...
[00:50:38.698] [DEBUG] D:/documents-from-c/GitHub/rh-nx-monorepo/libs/portal/ui/.storybook - Fetching NPM version information...
[00:50:38.698] [DEBUG] Getting CLI versions from NPM for storybook...
[00:50:38.698] [DEBUG] Executing command: pnpm info storybook version
[00:50:38.789] [DEBUG] Getting CLI versions from NPM for storybook@next...
[00:50:38.789] [DEBUG] Executing command: pnpm info storybook@next version
[00:50:42.132] [DEBUG] D:/documents-from-c/GitHub/rh-nx-monorepo/libs/shared/ui/.storybook - Evaluating blockers...
[00:50:42.171] [DEBUG] Getting installed version for @storybook/experimental-addon-test...
[00:50:42.256] [DEBUG] Executing command: pnpm list "@storybook/experimental-addon-test" --json --depth=99
[00:50:42.286] [DEBUG] D:/documents-from-c/GitHub/rh-nx-monorepo/libs/portal/ui/.storybook - Evaluating blockers...
[00:50:42.292] [DEBUG] Using cached package.json for D:\documents-from-c\GitHub\rh-nx-monorepo\package.json...
[00:50:42.292] [DEBUG] Getting installed version for @storybook/experimental-addon-test...
[00:50:42.297] [DEBUG] Executing command: pnpm list "@storybook/experimental-addon-test" --json --depth=99
[00:50:42.537] [DEBUG] No installations found for @storybook/experimental-addon-test
[00:50:42.589] [DEBUG] No installations found for @storybook/experimental-addon-test
[00:50:42.589] [INFO] detect-projects-spinner-stop: 2 projects detected
[00:50:42.590] [DEBUG] Found 2 valid projects and 0 error projects
[00:50:42.591] [INFO] Multiple Storybook projects found. Storybook can only upgrade all projects at once:
[32m✔[39m [36mD:/documents-from-c/GitHub/rh-nx-monorepo/libs/portal/ui/.storybook[39m
[32m✔[39m [36mD:/documents-from-c/GitHub/rh-nx-monorepo/libs/shared/ui/.storybook[39m
[00:53:24.543] [PROMPT] Continue with the upgrade? {"choice":true}
[00:53:24.543] [INFO] Upgrading the following projects:
          [36mD:/documents-from-c/GitHub/rh-nx-monorepo/libs/portal/ui/.storybook[39m: [1m10.1.0[22m -> [1m10.4.1[22m
[36mD:/documents-from-c/GitHub/rh-nx-monorepo/libs/shared/ui/.storybook[39m: [1m10.1.0[22m -> [1m10.4.1[22m
[00:53:24.544] [DEBUG] Executing command: pnpm config get minimumReleaseAge
[00:53:24.891] [DEBUG] Executing command: pnpm config get minimumReleaseAge
[00:53:25.184] [INFO] upgrade-dependencies-task-start: Fetching versions to update package.json files..
[00:53:25.184] [DEBUG] Updating dependencies in D:/documents-from-c/GitHub/rh-nx-monorepo/libs/portal/ui/.storybook...
[00:53:25.184] [INFO] upgrade-dependencies-task: D:/documents-from-c/GitHub/rh-nx-monorepo/libs/portal/ui/package.json
D:/documents-from-c/GitHub/rh-nx-monorepo/package.json
[00:53:25.185] [DEBUG] Using cached package.json for D:\documents-from-c\GitHub\rh-nx-monorepo\libs\portal\ui\package.json...
[00:53:25.185] [DEBUG] {
  "upgradedDependencies": []
}
[00:53:25.185] [DEBUG] {
  "upgradedDevDependencies": []
}
[00:53:25.185] [DEBUG] {
  "upgradedPeerDependencies": []
}
[00:53:25.185] [DEBUG] Getting package.json info for D:/documents-from-c/GitHub/rh-nx-monorepo/libs/portal/ui/package.json...
[00:53:25.185] [DEBUG] Using cached package.json for D:\documents-from-c\GitHub\rh-nx-monorepo\libs\portal\ui\package.json...
[00:53:25.185] [DEBUG] Using cached package.json for D:\documents-from-c\GitHub\rh-nx-monorepo\libs\portal\ui\package.json...
[00:53:25.185] [DEBUG] Getting package.json info for D:/documents-from-c/GitHub/rh-nx-monorepo/libs/portal/ui/package.json...
[00:53:25.185] [DEBUG] Using cached package.json for D:\documents-from-c\GitHub\rh-nx-monorepo\libs\portal\ui\package.json...
[00:53:25.185] [DEBUG] Using cached package.json for D:\documents-from-c\GitHub\rh-nx-monorepo\libs\portal\ui\package.json...
[00:53:25.186] [DEBUG] Getting package.json info for D:/documents-from-c/GitHub/rh-nx-monorepo/libs/portal/ui/package.json...
[00:53:25.186] [DEBUG] Using cached package.json for D:\documents-from-c\GitHub\rh-nx-monorepo\libs\portal\ui\package.json...
[00:53:25.186] [DEBUG] Using cached package.json for D:\documents-from-c\GitHub\rh-nx-monorepo\libs\portal\ui\package.json...
[00:53:25.187] [DEBUG] Using cached package.json for D:\documents-from-c\GitHub\rh-nx-monorepo\package.json...
[00:53:25.187] [DEBUG] Getting CLI versions from NPM for @chromatic-com/storybook...
[00:53:25.187] [DEBUG] Executing command: pnpm info @chromatic-com/storybook version
[00:53:25.230] [DEBUG] Getting CLI versions from NPM for @storybook/addon-coverage...
[00:53:25.230] [DEBUG] Executing command: pnpm info @storybook/addon-coverage version
[00:53:25.319] [DEBUG] Getting CLI versions from NPM for @storybook/addon-designs...
[00:53:25.319] [DEBUG] Executing command: pnpm info @storybook/addon-designs version
[00:53:25.410] [DEBUG] Getting CLI versions from NPM for @storybook/test-runner...
[00:53:25.410] [DEBUG] Executing command: pnpm info @storybook/test-runner version
[00:53:27.849] [DEBUG] {
  "upgradedDependencies": []
}
[00:53:27.849] [DEBUG] {
  "upgradedDevDependencies": [
    "@storybook/addon-a11y@10.4.1",
    "@storybook/addon-docs@10.4.1",
    "@storybook/addon-links@10.4.1",
    "@storybook/addon-themes@10.4.1",
    "@storybook/react-vite@10.4.1",
    "@storybook/react-webpack5@10.4.1",
    "eslint-plugin-storybook@10.4.1",
    "storybook@10.4.1",
    "@chromatic-com/storybook@^5.2.1",
    "@storybook/addon-coverage@^3.0.1",
    "@storybook/addon-designs@^11.1.3",
    "@storybook/test-runner@0.24.4"
  ]
}
[00:53:27.849] [DEBUG] {
  "upgradedPeerDependencies": []
}
[00:53:27.849] [DEBUG] Getting package.json info for D:/documents-from-c/GitHub/rh-nx-monorepo/package.json...
[00:53:27.849] [DEBUG] Using cached package.json for D:\documents-from-c\GitHub\rh-nx-monorepo\package.json...
[00:53:27.849] [DEBUG] Using cached package.json for D:\documents-from-c\GitHub\rh-nx-monorepo\package.json...
[00:53:27.849] [DEBUG] Getting package.json info for D:/documents-from-c/GitHub/rh-nx-monorepo/package.json...
[00:53:27.849] [DEBUG] Using cached package.json for D:\documents-from-c\GitHub\rh-nx-monorepo\package.json...
[00:53:27.850] [DEBUG] Getting CLI versions from NPM for @storybook/addon-a11y...
[00:53:27.850] [DEBUG] Executing command: pnpm info @storybook/addon-a11y version
[00:53:30.057] [DEBUG] Getting CLI versions from NPM for @storybook/addon-docs...
[00:53:30.057] [DEBUG] Executing command: pnpm info @storybook/addon-docs version
[00:53:32.229] [DEBUG] Getting CLI versions from NPM for @storybook/addon-links...
[00:53:32.229] [DEBUG] Executing command: pnpm info @storybook/addon-links version
[00:53:34.279] [DEBUG] Getting CLI versions from NPM for @storybook/addon-themes...
[00:53:34.279] [DEBUG] Executing command: pnpm info @storybook/addon-themes version
[00:53:36.328] [DEBUG] Getting CLI versions from NPM for @storybook/react-vite...
[00:53:36.328] [DEBUG] Executing command: pnpm info @storybook/react-vite version
[00:53:38.518] [DEBUG] Getting CLI versions from NPM for @storybook/react-webpack5...
[00:53:38.518] [DEBUG] Executing command: pnpm info @storybook/react-webpack5 version
[00:53:40.643] [DEBUG] Getting CLI versions from NPM for eslint-plugin-storybook...
[00:53:40.643] [DEBUG] Executing command: pnpm info eslint-plugin-storybook version
[00:53:42.716] [DEBUG] Using cached version for storybook...
[00:53:42.716] [DEBUG] Using cached version for @chromatic-com/storybook...
[00:53:42.716] [DEBUG] Using cached version for @storybook/addon-coverage...
[00:53:42.716] [DEBUG] Using cached version for @storybook/addon-designs...
[00:53:42.716] [DEBUG] Using cached version for @storybook/test-runner...
[00:53:42.716] [DEBUG] Using cached package.json for D:\documents-from-c\GitHub\rh-nx-monorepo\package.json...
[00:53:42.717] [DEBUG] Getting package.json info for D:/documents-from-c/GitHub/rh-nx-monorepo/package.json...
[00:53:42.717] [DEBUG] Using cached package.json for D:\documents-from-c\GitHub\rh-nx-monorepo\package.json...
[00:53:42.717] [DEBUG] Using cached package.json for D:\documents-from-c\GitHub\rh-nx-monorepo\package.json...
[00:53:42.717] [DEBUG] Updating dependencies in D:/documents-from-c/GitHub/rh-nx-monorepo/libs/shared/ui/.storybook...
[00:53:42.717] [INFO] upgrade-dependencies-task: D:/documents-from-c/GitHub/rh-nx-monorepo/libs/shared/ui/package.json
[00:53:42.718] [DEBUG] Using cached package.json for D:\documents-from-c\GitHub\rh-nx-monorepo\libs\shared\ui\package.json...
[00:53:42.718] [DEBUG] {
  "upgradedDependencies": []
}
[00:53:42.718] [DEBUG] {
  "upgradedDevDependencies": []
}
[00:53:42.718] [DEBUG] {
  "upgradedPeerDependencies": []
}
[00:53:42.718] [DEBUG] Getting package.json info for D:/documents-from-c/GitHub/rh-nx-monorepo/libs/shared/ui/package.json...
[00:53:42.718] [DEBUG] Using cached package.json for D:\documents-from-c\GitHub\rh-nx-monorepo\libs\shared\ui\package.json...
[00:53:42.718] [DEBUG] Using cached package.json for D:\documents-from-c\GitHub\rh-nx-monorepo\libs\shared\ui\package.json...
[00:53:42.718] [DEBUG] Getting package.json info for D:/documents-from-c/GitHub/rh-nx-monorepo/libs/shared/ui/package.json...
[00:53:42.718] [DEBUG] Using cached package.json for D:\documents-from-c\GitHub\rh-nx-monorepo\libs\shared\ui\package.json...
[00:53:42.718] [DEBUG] Using cached package.json for D:\documents-from-c\GitHub\rh-nx-monorepo\libs\shared\ui\package.json...
[00:53:42.718] [DEBUG] Getting package.json info for D:/documents-from-c/GitHub/rh-nx-monorepo/libs/shared/ui/package.json...
[00:53:42.718] [DEBUG] Using cached package.json for D:\documents-from-c\GitHub\rh-nx-monorepo\libs\shared\ui\package.json...
[00:53:42.718] [DEBUG] Using cached package.json for D:\documents-from-c\GitHub\rh-nx-monorepo\libs\shared\ui\package.json...
[00:53:42.719] [DEBUG] Using cached package.json for D:\documents-from-c\GitHub\rh-nx-monorepo\package.json...
[00:53:42.719] [DEBUG] Using cached version for @chromatic-com/storybook...
[00:53:42.719] [DEBUG] Using cached version for @storybook/addon-coverage...
[00:53:42.719] [DEBUG] Using cached version for @storybook/addon-designs...
[00:53:42.719] [DEBUG] Using cached version for @storybook/test-runner...
[00:53:42.719] [DEBUG] {
  "upgradedDependencies": []
}
[00:53:42.719] [DEBUG] {
  "upgradedDevDependencies": [
    "@storybook/addon-a11y@10.4.1",
    "@storybook/addon-docs@10.4.1",
    "@storybook/addon-links@10.4.1",
    "@storybook/addon-themes@10.4.1",
    "@storybook/react-vite@10.4.1",
    "@storybook/react-webpack5@10.4.1",
    "eslint-plugin-storybook@10.4.1",
    "storybook@10.4.1",
    "@chromatic-com/storybook@^5.2.1",
    "@storybook/addon-coverage@^3.0.1",
    "@storybook/addon-designs@^11.1.3",
    "@storybook/test-runner@0.24.4"
  ]
}
[00:53:42.719] [DEBUG] {
  "upgradedPeerDependencies": []
}
[00:53:42.719] [DEBUG] Getting package.json info for D:/documents-from-c/GitHub/rh-nx-monorepo/package.json...
[00:53:42.719] [DEBUG] Using cached package.json for D:\documents-from-c\GitHub\rh-nx-monorepo\package.json...
[00:53:42.719] [DEBUG] Using cached package.json for D:\documents-from-c\GitHub\rh-nx-monorepo\package.json...
[00:53:42.719] [DEBUG] Getting package.json info for D:/documents-from-c/GitHub/rh-nx-monorepo/package.json...
[00:53:42.719] [DEBUG] Using cached package.json for D:\documents-from-c\GitHub\rh-nx-monorepo\package.json...
[00:53:42.719] [DEBUG] Using cached version for @storybook/addon-a11y...
[00:53:42.719] [DEBUG] Using cached version for @storybook/addon-docs...
[00:53:42.719] [DEBUG] Using cached version for @storybook/addon-links...
[00:53:42.719] [DEBUG] Using cached version for @storybook/addon-themes...
[00:53:42.719] [DEBUG] Using cached version for @storybook/react-vite...
[00:53:42.719] [DEBUG] Using cached version for @storybook/react-webpack5...
[00:53:42.719] [DEBUG] Using cached version for eslint-plugin-storybook...
[00:53:42.719] [DEBUG] Using cached version for storybook...
[00:53:42.719] [DEBUG] Using cached version for @chromatic-com/storybook...
[00:53:42.719] [DEBUG] Using cached version for @storybook/addon-coverage...
[00:53:42.719] [DEBUG] Using cached version for @storybook/addon-designs...
[00:53:42.719] [DEBUG] Using cached version for @storybook/test-runner...
[00:53:42.719] [DEBUG] Using cached package.json for D:\documents-from-c\GitHub\rh-nx-monorepo\package.json...
[00:53:42.719] [DEBUG] Getting package.json info for D:/documents-from-c/GitHub/rh-nx-monorepo/package.json...
[00:53:42.719] [DEBUG] Using cached package.json for D:\documents-from-c\GitHub\rh-nx-monorepo\package.json...
[00:53:42.719] [DEBUG] Using cached package.json for D:\documents-from-c\GitHub\rh-nx-monorepo\package.json...
[00:53:42.720] [INFO] upgrade-dependencies-task-success: Updated package versions in package.json files
[00:53:42.720] [INFO] detect-automigrations-task-start: Detecting automigrations for 2 projects...
[00:53:42.720] [DEBUG] Starting automigration collection across 2 projects and 22 fixes...
[00:53:42.721] [INFO] detect-automigrations-task: Checking automigrations for
D:/documents-from-c/GitHub/rh-nx-monorepo/libs/portal/ui/.storybook...
[00:53:42.721] [DEBUG] Processing project: D:/documents-from-c/GitHub/rh-nx-monorepo/libs/portal/ui/.storybook
[00:53:42.721] [DEBUG] Checking fix eslintPlugin for project D:/documents-from-c/GitHub/rh-nx-monorepo/libs/portal/ui/.storybook...
[00:53:42.721] [DEBUG] Using cached package.json for D:\documents-from-c\GitHub\rh-nx-monorepo\libs\portal\ui\package.json...
[00:53:42.721] [DEBUG] Using cached package.json for D:\documents-from-c\GitHub\rh-nx-monorepo\package.json...
[00:53:42.721] [DEBUG] Using cached package.json for D:\documents-from-c\GitHub\rh-nx-monorepo\package.json...
[00:53:42.730] [DEBUG] Checking fix addon-mdx-gfm-remove for project D:/documents-from-c/GitHub/rh-nx-monorepo/libs/portal/ui/.storybook...
[00:53:42.730] [DEBUG] Using cached package.json for D:\documents-from-c\GitHub\rh-nx-monorepo\libs\portal\ui\package.json...
[00:53:42.730] [DEBUG] Using cached package.json for D:\documents-from-c\GitHub\rh-nx-monorepo\package.json...
[00:53:42.730] [DEBUG] Checking fix addon-storysource-code-panel for project D:/documents-from-c/GitHub/rh-nx-monorepo/libs/portal/ui/.storybook...
[00:53:42.730] [DEBUG] Checking fix upgrade-storybook-related-dependencies for project D:/documents-from-c/GitHub/rh-nx-monorepo/libs/portal/ui/.storybook...
[00:53:42.730] [DEBUG] Checking for incompatible storybook packages...
[00:53:42.730] [DEBUG] Using cached package.json for D:\documents-from-c\GitHub\rh-nx-monorepo\libs\portal\ui\package.json...
[00:53:42.730] [DEBUG] Using cached package.json for D:\documents-from-c\GitHub\rh-nx-monorepo\package.json...
[00:53:42.738] [DEBUG] Using cached package.json for D:\documents-from-c\GitHub\rh-nx-monorepo\libs\portal\ui\package.json...
[00:53:42.738] [DEBUG] Using cached package.json for D:\documents-from-c\GitHub\rh-nx-monorepo\package.json...
[00:53:42.739] [DEBUG] Getting installed version for @nx/storybook...
[00:53:42.739] [DEBUG] Getting installed version for @storybook/manager-api...
[00:53:42.739] [DEBUG] Getting installed version for @storybook/addon-storysource...
[00:53:42.739] [DEBUG] Getting installed version for @storybook/test...
[00:53:42.739] [DEBUG] Getting installed version for msw-storybook-addon...
[00:53:42.739] [DEBUG] Getting installed version for storybook-addon-react-router-v6...
[00:53:42.739] [DEBUG] Executing command: pnpm list "@nx/storybook" --json --depth=99
[00:53:42.741] [DEBUG] Executing command: pnpm list "@storybook/manager-api" --json --depth=99
[00:53:42.744] [DEBUG] Executing command: pnpm list "@storybook/addon-storysource" --json --depth=99
[00:53:42.746] [DEBUG] Executing command: pnpm list "@storybook/test" --json --depth=99
[00:53:42.748] [DEBUG] Executing command: pnpm list "msw-storybook-addon" --json --depth=99
[00:53:42.751] [DEBUG] Executing command: pnpm list "storybook-addon-react-router-v6" --json --depth=99
[00:53:43.074] [DEBUG] No installations found for storybook-addon-react-router-v6
[00:53:43.074] [DEBUG] Getting CLI versions from NPM for storybook-addon-react-router-v6...
[00:53:43.074] [DEBUG] Executing command: pnpm info storybook-addon-react-router-v6 version
[00:53:43.115] [DEBUG] No installations found for @nx/storybook
[00:53:43.115] [DEBUG] Getting CLI versions from NPM for @nx/storybook...
[00:53:43.115] [DEBUG] Executing command: pnpm info @nx/storybook version
[00:53:43.205] [DEBUG] No installations found for @storybook/test
[00:53:43.205] [DEBUG] Getting CLI versions from NPM for @storybook/test...
[00:53:43.205] [DEBUG] Executing command: pnpm info @storybook/test version
[00:53:43.293] [DEBUG] No installations found for @storybook/addon-storysource
[00:53:43.293] [DEBUG] Getting CLI versions from NPM for @storybook/addon-storysource...
[00:53:43.293] [DEBUG] Executing command: pnpm info @storybook/addon-storysource version
[00:53:43.385] [DEBUG] No installations found for @storybook/manager-api
[00:53:43.385] [DEBUG] Getting CLI versions from NPM for @storybook/manager-api...
[00:53:43.385] [DEBUG] Executing command: pnpm info @storybook/manager-api version
[00:53:43.483] [DEBUG] No installations found for msw-storybook-addon
[00:53:43.483] [DEBUG] Getting CLI versions from NPM for msw-storybook-addon...
[00:53:43.483] [DEBUG] Executing command: pnpm info msw-storybook-addon version
[00:53:45.898] [DEBUG] Checking fix initial-globals for project D:/documents-from-c/GitHub/rh-nx-monorepo/libs/portal/ui/.storybook...
[00:53:45.902] [DEBUG] Checking fix addon-globals-api for project D:/documents-from-c/GitHub/rh-nx-monorepo/libs/portal/ui/.storybook...
[00:53:45.906] [DEBUG] Checking fix addon-a11y-addon-test for project D:/documents-from-c/GitHub/rh-nx-monorepo/libs/portal/ui/.storybook...
[00:53:45.907] [DEBUG] Checking fix consolidated-imports for project D:/documents-from-c/GitHub/rh-nx-monorepo/libs/portal/ui/.storybook...
[00:53:45.908] [DEBUG] Checking fix addon-experimental-test for project D:/documents-from-c/GitHub/rh-nx-monorepo/libs/portal/ui/.storybook...
[00:53:45.908] [DEBUG] Using cached installed version for @storybook/experimental-addon-test...
[00:53:45.908] [DEBUG] Checking fix rnstorybook-config for project D:/documents-from-c/GitHub/rh-nx-monorepo/libs/portal/ui/.storybook...
[00:53:45.908] [DEBUG] Using cached package.json for D:\documents-from-c\GitHub\rh-nx-monorepo\libs\portal\ui\package.json...
[00:53:45.908] [DEBUG] Using cached package.json for D:\documents-from-c\GitHub\rh-nx-monorepo\package.json...
[00:53:45.908] [DEBUG] Checking fix rn-ondevice-addons-to-device-addons for project D:/documents-from-c/GitHub/rh-nx-monorepo/libs/portal/ui/.storybook...
[00:53:45.908] [DEBUG] Using cached package.json for D:\documents-from-c\GitHub\rh-nx-monorepo\libs\portal\ui\package.json...
[00:53:45.908] [DEBUG] Using cached package.json for D:\documents-from-c\GitHub\rh-nx-monorepo\package.json...
[00:53:45.908] [DEBUG] Checking fix migrate-addon-console for project D:/documents-from-c/GitHub/rh-nx-monorepo/libs/portal/ui/.storybook...
[00:53:45.908] [DEBUG] Using cached package.json for D:\documents-from-c\GitHub\rh-nx-monorepo\libs\portal\ui\package.json...
[00:53:45.908] [DEBUG] Using cached package.json for D:\documents-from-c\GitHub\rh-nx-monorepo\package.json...
[00:53:45.908] [DEBUG] Checking fix nextjs-to-nextjs-vite for project D:/documents-from-c/GitHub/rh-nx-monorepo/libs/portal/ui/.storybook...
[00:53:45.908] [DEBUG] Using cached package.json for D:\documents-from-c\GitHub\rh-nx-monorepo\libs\portal\ui\package.json...
[00:53:45.908] [DEBUG] Using cached package.json for D:\documents-from-c\GitHub\rh-nx-monorepo\package.json...
[00:53:45.908] [DEBUG] Checking fix react-vite-to-tanstack-react for project D:/documents-from-c/GitHub/rh-nx-monorepo/libs/portal/ui/.storybook...
[00:53:45.908] [DEBUG] Using cached package.json for D:\documents-from-c\GitHub\rh-nx-monorepo\libs\portal\ui\package.json...
[00:53:45.908] [DEBUG] Using cached package.json for D:\documents-from-c\GitHub\rh-nx-monorepo\package.json...
[00:53:45.908] [DEBUG] Checking fix remove-addon-interactions for project D:/documents-from-c/GitHub/rh-nx-monorepo/libs/portal/ui/.storybook...
[00:53:45.908] [DEBUG] Using cached package.json for D:\documents-from-c\GitHub\rh-nx-monorepo\libs\portal\ui\package.json...
[00:53:45.908] [DEBUG] Using cached package.json for D:\documents-from-c\GitHub\rh-nx-monorepo\package.json...
[00:53:45.908] [DEBUG] Checking fix renderer-to-framework for project D:/documents-from-c/GitHub/rh-nx-monorepo/libs/portal/ui/.storybook...
[00:53:45.908] [DEBUG] Checking fix remove-essential-addons for project D:/documents-from-c/GitHub/rh-nx-monorepo/libs/portal/ui/.storybook...
[00:53:45.909] [DEBUG] Using cached package.json for D:\documents-from-c\GitHub\rh-nx-monorepo\libs\portal\ui\package.json...
[00:53:45.909] [DEBUG] Using cached package.json for D:\documents-from-c\GitHub\rh-nx-monorepo\package.json...
[00:53:45.909] [DEBUG] Checking fix addon-a11y-parameters for project D:/documents-from-c/GitHub/rh-nx-monorepo/libs/portal/ui/.storybook...
[00:53:45.913] [DEBUG] Checking fix remove-docs-autodocs for project D:/documents-from-c/GitHub/rh-nx-monorepo/libs/portal/ui/.storybook...
[00:53:45.914] [DEBUG] Checking fix wrap-getAbsolutePath for project D:/documents-from-c/GitHub/rh-nx-monorepo/libs/portal/ui/.storybook...
[00:53:45.917] [DEBUG] Checking fix fix-faux-esm-require for project D:/documents-from-c/GitHub/rh-nx-monorepo/libs/portal/ui/.storybook...
[00:53:45.917] [DEBUG] Checking fix storybookPackageNameConflict for project D:/documents-from-c/GitHub/rh-nx-monorepo/libs/portal/ui/.storybook...
[00:53:45.917] [DEBUG] Using cached package.json for D:\documents-from-c\GitHub\rh-nx-monorepo\package.json...
[00:53:45.917] [INFO] detect-automigrations-task: Checking automigrations for
D:/documents-from-c/GitHub/rh-nx-monorepo/libs/shared/ui/.storybook...
[00:53:45.918] [DEBUG] Processing project: D:/documents-from-c/GitHub/rh-nx-monorepo/libs/shared/ui/.storybook
[00:53:45.918] [DEBUG] Checking fix eslintPlugin for project D:/documents-from-c/GitHub/rh-nx-monorepo/libs/shared/ui/.storybook...
[00:53:45.918] [DEBUG] Using cached package.json for D:\documents-from-c\GitHub\rh-nx-monorepo\libs\shared\ui\package.json...
[00:53:45.918] [DEBUG] Using cached package.json for D:\documents-from-c\GitHub\rh-nx-monorepo\package.json...
[00:53:45.918] [DEBUG] Using cached package.json for D:\documents-from-c\GitHub\rh-nx-monorepo\package.json...
[00:53:45.925] [DEBUG] Checking fix addon-mdx-gfm-remove for project D:/documents-from-c/GitHub/rh-nx-monorepo/libs/shared/ui/.storybook...
[00:53:45.925] [DEBUG] Using cached package.json for D:\documents-from-c\GitHub\rh-nx-monorepo\libs\shared\ui\package.json...
[00:53:45.925] [DEBUG] Using cached package.json for D:\documents-from-c\GitHub\rh-nx-monorepo\package.json...
[00:53:45.925] [DEBUG] Checking fix addon-storysource-code-panel for project D:/documents-from-c/GitHub/rh-nx-monorepo/libs/shared/ui/.storybook...
[00:53:45.925] [DEBUG] Checking fix upgrade-storybook-related-dependencies for project D:/documents-from-c/GitHub/rh-nx-monorepo/libs/shared/ui/.storybook...
[00:53:45.925] [DEBUG] Checking for incompatible storybook packages...
[00:53:45.925] [DEBUG] Using cached package.json for D:\documents-from-c\GitHub\rh-nx-monorepo\libs\shared\ui\package.json...
[00:53:45.925] [DEBUG] Using cached package.json for D:\documents-from-c\GitHub\rh-nx-monorepo\package.json...
[00:53:45.935] [DEBUG] Using cached package.json for D:\documents-from-c\GitHub\rh-nx-monorepo\libs\shared\ui\package.json...
[00:53:45.935] [DEBUG] Using cached package.json for D:\documents-from-c\GitHub\rh-nx-monorepo\package.json...
[00:53:45.935] [DEBUG] Using cached installed version for @nx/storybook...
[00:53:45.935] [DEBUG] Using cached installed version for @storybook/manager-api...
[00:53:45.935] [DEBUG] Using cached installed version for @storybook/addon-storysource...
[00:53:45.935] [DEBUG] Using cached installed version for @storybook/test...
[00:53:45.935] [DEBUG] Using cached installed version for msw-storybook-addon...
[00:53:45.935] [DEBUG] Using cached installed version for storybook-addon-react-router-v6...
[00:53:45.935] [DEBUG] Using cached version for @nx/storybook...
[00:53:45.935] [DEBUG] Using cached version for @storybook/manager-api...
[00:53:45.935] [DEBUG] Using cached version for @storybook/addon-storysource...
[00:53:45.935] [DEBUG] Using cached version for @storybook/test...
[00:53:45.935] [DEBUG] Using cached version for msw-storybook-addon...
[00:53:45.935] [DEBUG] Using cached version for storybook-addon-react-router-v6...
[00:53:45.935] [DEBUG] Checking fix initial-globals for project D:/documents-from-c/GitHub/rh-nx-monorepo/libs/shared/ui/.storybook...
[00:53:45.939] [DEBUG] Checking fix addon-globals-api for project D:/documents-from-c/GitHub/rh-nx-monorepo/libs/shared/ui/.storybook...
[00:53:45.942] [DEBUG] Checking fix addon-a11y-addon-test for project D:/documents-from-c/GitHub/rh-nx-monorepo/libs/shared/ui/.storybook...
[00:53:45.942] [DEBUG] Checking fix consolidated-imports for project D:/documents-from-c/GitHub/rh-nx-monorepo/libs/shared/ui/.storybook...
[00:53:45.942] [DEBUG] Checking fix addon-experimental-test for project D:/documents-from-c/GitHub/rh-nx-monorepo/libs/shared/ui/.storybook...
[00:53:45.942] [DEBUG] Using cached installed version for @storybook/experimental-addon-test...
[00:53:45.942] [DEBUG] Checking fix rnstorybook-config for project D:/documents-from-c/GitHub/rh-nx-monorepo/libs/shared/ui/.storybook...
[00:53:45.942] [DEBUG] Using cached package.json for D:\documents-from-c\GitHub\rh-nx-monorepo\libs\shared\ui\package.json...
[00:53:45.942] [DEBUG] Using cached package.json for D:\documents-from-c\GitHub\rh-nx-monorepo\package.json...
[00:53:45.942] [DEBUG] Checking fix rn-ondevice-addons-to-device-addons for project D:/documents-from-c/GitHub/rh-nx-monorepo/libs/shared/ui/.storybook...
[00:53:45.942] [DEBUG] Using cached package.json for D:\documents-from-c\GitHub\rh-nx-monorepo\libs\shared\ui\package.json...
[00:53:45.942] [DEBUG] Using cached package.json for D:\documents-from-c\GitHub\rh-nx-monorepo\package.json...
[00:53:45.942] [DEBUG] Checking fix migrate-addon-console for project D:/documents-from-c/GitHub/rh-nx-monorepo/libs/shared/ui/.storybook...
[00:53:45.942] [DEBUG] Using cached package.json for D:\documents-from-c\GitHub\rh-nx-monorepo\libs\shared\ui\package.json...
[00:53:45.942] [DEBUG] Using cached package.json for D:\documents-from-c\GitHub\rh-nx-monorepo\package.json...
[00:53:45.942] [DEBUG] Checking fix nextjs-to-nextjs-vite for project D:/documents-from-c/GitHub/rh-nx-monorepo/libs/shared/ui/.storybook...
[00:53:45.942] [DEBUG] Using cached package.json for D:\documents-from-c\GitHub\rh-nx-monorepo\libs\shared\ui\package.json...
[00:53:45.942] [DEBUG] Using cached package.json for D:\documents-from-c\GitHub\rh-nx-monorepo\package.json...
[00:53:45.942] [DEBUG] Checking fix react-vite-to-tanstack-react for project D:/documents-from-c/GitHub/rh-nx-monorepo/libs/shared/ui/.storybook...
[00:53:45.942] [DEBUG] Using cached package.json for D:\documents-from-c\GitHub\rh-nx-monorepo\libs\shared\ui\package.json...
[00:53:45.942] [DEBUG] Using cached package.json for D:\documents-from-c\GitHub\rh-nx-monorepo\package.json...
[00:53:45.942] [DEBUG] Checking fix remove-addon-interactions for project D:/documents-from-c/GitHub/rh-nx-monorepo/libs/shared/ui/.storybook...
[00:53:45.942] [DEBUG] Using cached package.json for D:\documents-from-c\GitHub\rh-nx-monorepo\libs\shared\ui\package.json...
[00:53:45.942] [DEBUG] Using cached package.json for D:\documents-from-c\GitHub\rh-nx-monorepo\package.json...
[00:53:45.942] [DEBUG] Checking fix renderer-to-framework for project D:/documents-from-c/GitHub/rh-nx-monorepo/libs/shared/ui/.storybook...
[00:53:45.943] [DEBUG] Checking fix remove-essential-addons for project D:/documents-from-c/GitHub/rh-nx-monorepo/libs/shared/ui/.storybook...
[00:53:45.943] [DEBUG] Using cached package.json for D:\documents-from-c\GitHub\rh-nx-monorepo\libs\shared\ui\package.json...
[00:53:45.943] [DEBUG] Using cached package.json for D:\documents-from-c\GitHub\rh-nx-monorepo\package.json...
[00:53:45.943] [DEBUG] Checking fix addon-a11y-parameters for project D:/documents-from-c/GitHub/rh-nx-monorepo/libs/shared/ui/.storybook...
[00:53:45.943] [DEBUG] Checking fix remove-docs-autodocs for project D:/documents-from-c/GitHub/rh-nx-monorepo/libs/shared/ui/.storybook...
[00:53:45.947] [DEBUG] Checking fix wrap-getAbsolutePath for project D:/documents-from-c/GitHub/rh-nx-monorepo/libs/shared/ui/.storybook...
[00:53:45.951] [DEBUG] Checking fix fix-faux-esm-require for project D:/documents-from-c/GitHub/rh-nx-monorepo/libs/shared/ui/.storybook...
[00:53:45.952] [DEBUG] Checking fix storybookPackageNameConflict for project D:/documents-from-c/GitHub/rh-nx-monorepo/libs/shared/ui/.storybook...
[00:53:45.952] [DEBUG] Using cached package.json for D:\documents-from-c\GitHub\rh-nx-monorepo\package.json...
[00:53:45.952] [INFO] detect-automigrations-task: 
Automigrations detected:
[00:53:45.953] [INFO] detect-automigrations-task: [32m[32m✔[32m consolidated-imports[39m
[00:53:45.953] [INFO] detect-automigrations-task-success: 1 automigration(s) detected
[00:54:16.241] [PROMPT] Select automigrations to run {"choice":["consolidated-imports","wrap-getAbsolutePath","fix-faux-esm-require"]}
[00:54:16.242] [INFO] automigrate-D:/documents-from-c/GitHub/rh-nx-monorepo/libs/portal/ui/.storybook-task-start: (1/2) Running automigrations for D:/documents-from-c/GitHub/rh-nx-monorepo/libs/portal/ui/.storybook
[00:54:16.263] [INFO] automigrate-D:/documents-from-c/GitHub/rh-nx-monorepo/libs/portal/ui/.storybook-task: [32m[32m✔[32m consolidated-imports[39m
[00:54:16.275] [INFO] automigrate-D:/documents-from-c/GitHub/rh-nx-monorepo/libs/portal/ui/.storybook-task: [32m[32m✔[32m wrap-getAbsolutePath[39m
[00:54:16.275] [INFO] automigrate-D:/documents-from-c/GitHub/rh-nx-monorepo/libs/portal/ui/.storybook-task-success: (1/2) Completed automigrations for D:/documents-from-c/GitHub/rh-nx-monorepo/libs/portal/ui/.storybook
[00:54:16.276] [INFO] automigrate-D:/documents-from-c/GitHub/rh-nx-monorepo/libs/shared/ui/.storybook-task-start: (2/2) Running automigrations for D:/documents-from-c/GitHub/rh-nx-monorepo/libs/shared/ui/.storybook
[00:54:16.292] [INFO] automigrate-D:/documents-from-c/GitHub/rh-nx-monorepo/libs/shared/ui/.storybook-task: [32m[32m✔[32m consolidated-imports[39m
[00:54:16.298] [INFO] automigrate-D:/documents-from-c/GitHub/rh-nx-monorepo/libs/shared/ui/.storybook-task: [32m[32m✔[32m fix-faux-esm-require[39m
[00:54:16.298] [INFO] automigrate-D:/documents-from-c/GitHub/rh-nx-monorepo/libs/shared/ui/.storybook-task-success: (2/2) Completed automigrations for D:/documents-from-c/GitHub/rh-nx-monorepo/libs/shared/ui/.storybook
[00:54:17.272] [DEBUG] Getting package.json info for D:/documents-from-c/GitHub/rh-nx-monorepo/package.json...
[00:54:17.272] [INFO] Installing dependencies...
[00:54:17.272] [INFO] install-dependencies-spinner-start: Installing dependencies...
[00:54:17.272] [DEBUG] Executing command: pnpm install
[00:54:18.039] [INFO] Installing dependencies...:  WARN  Moving @chakra-ui/cli that was installed by a different package manager to "node_modules/.ignored"

[00:54:18.039] [INFO] install-dependencies-spinner: Installing dependencies...: WARN  Moving @chakra-ui/c
[00:54:18.040] [INFO] Installing dependencies...:  WARN  Moving @chromatic-com/storybook that was installed by a different package manager to "node_modules/.ignored"

[00:54:18.040] [INFO] install-dependencies-spinner: Installing dependencies...: WARN  Moving @chromatic-c
[00:54:18.040] [INFO] Installing dependencies...:  WARN  Moving @babel/preset-typescript that was installed by a different package manager to "node_modules/.ignored"

[00:54:18.040] [INFO] install-dependencies-spinner: Installing dependencies...: WARN  Moving @babel/prese
[00:54:18.040] [INFO] Installing dependencies...:  WARN  Moving @babel/core that was installed by a different package manager to "node_modules/.ignored"

[00:54:18.040] [INFO] install-dependencies-spinner: Installing dependencies...: WARN  Moving @babel/core 
[00:54:18.040] [INFO] Installing dependencies...:  WARN  Moving @babel/preset-react that was installed by a different package manager to "node_modules/.ignored"

[00:54:18.040] [INFO] install-dependencies-spinner: Installing dependencies...: WARN  Moving @babel/prese
[00:54:18.041] [INFO] Installing dependencies...:  WARN  Moving @emotion/babel-plugin that was installed by a different package manager to "node_modules/.ignored"

[00:54:18.041] [INFO] install-dependencies-spinner: Installing dependencies...: WARN  Moving @emotion/bab
[00:54:18.041] [INFO] Installing dependencies...:  WARN  Moving @chromaui/addon-visual-tests that was installed by a different package manager to "node_modules/.ignored"

[00:54:18.041] [INFO] install-dependencies-spinner: Installing dependencies...: WARN  Moving @chromaui/ad
[00:54:18.041] [INFO] Installing dependencies...:  WARN  Moving @faker-js/faker that was installed by a different package manager to "node_modules/.ignored"

[00:54:18.041] [INFO] install-dependencies-spinner: Installing dependencies...: WARN  Moving @faker-js/fa
[00:54:18.042] [INFO] Installing dependencies...:  WARN  Moving @ns3/nx-playwright that was installed by a different package manager to "node_modules/.ignored"

[00:54:18.042] [INFO] install-dependencies-spinner: Installing dependencies...: WARN  Moving @ns3/nx-play
[00:54:18.042] [INFO] Installing dependencies...:  WARN  Moving @expo/metro-runtime that was installed by a different package manager to "node_modules/.ignored"

[00:54:18.042] [INFO] install-dependencies-spinner: Installing dependencies...: WARN  Moving @expo/metro-
[00:54:18.042] [INFO] Installing dependencies...:  WARN  Moving @expo/cli that was installed by a different package manager to "node_modules/.ignored"

[00:54:18.042] [INFO] install-dependencies-spinner: Installing dependencies...: WARN  Moving @expo/cli th
[00:54:18.043] [INFO] Installing dependencies...:  WARN  Moving @nx-tools/container-metadata that was installed by a different package manager to "node_modules/.ignored"

[00:54:18.043] [INFO] install-dependencies-spinner: Installing dependencies...: WARN  Moving @nx-tools/co
[00:54:18.043] [INFO] Installing dependencies...:  WARN  Moving @hookform/devtools that was installed by a different package manager to "node_modules/.ignored"

[00:54:18.043] [INFO] install-dependencies-spinner: Installing dependencies...: WARN  Moving @hookform/de
[00:54:18.043] [INFO] Installing dependencies...:  WARN  Moving @nx-tools/nx-container that was installed by a different package manager to "node_modules/.ignored"

[00:54:18.043] [INFO] install-dependencies-spinner: Installing dependencies...: WARN  Moving @nx-tools/nx
[00:54:18.043] [INFO] Installing dependencies...:  WARN  Moving @nx/cypress that was installed by a different package manager to "node_modules/.ignored"

[00:54:18.043] [INFO] install-dependencies-spinner: Installing dependencies...: WARN  Moving @nx/cypress 
[00:54:18.043] [INFO] Installing dependencies...:  WARN  Moving @nx/detox that was installed by a different package manager to "node_modules/.ignored"

[00:54:18.043] [INFO] install-dependencies-spinner: Installing dependencies...: WARN  Moving @nx/detox th
[00:54:18.044] [INFO] Installing dependencies...:  WARN  Moving @nx/esbuild that was installed by a different package manager to "node_modules/.ignored"

[00:54:18.044] [INFO] install-dependencies-spinner: Installing dependencies...: WARN  Moving @nx/esbuild 
[00:54:18.044] [INFO] Installing dependencies...:  WARN  Moving @nx/devkit that was installed by a different package manager to "node_modules/.ignored"

[00:54:18.044] [INFO] install-dependencies-spinner: Installing dependencies...: WARN  Moving @nx/devkit t
[00:54:18.044] [INFO] Installing dependencies...:  WARN  Moving @nx/eslint that was installed by a different package manager to "node_modules/.ignored"

[00:54:18.044] [INFO] install-dependencies-spinner: Installing dependencies...: WARN  Moving @nx/eslint t
[00:54:18.044] [INFO] Installing dependencies...:  WARN  Moving @nx/eslint-plugin that was installed by a different package manager to "node_modules/.ignored"

[00:54:18.044] [INFO] install-dependencies-spinner: Installing dependencies...: WARN  Moving @nx/eslint-p
[00:54:18.044] [INFO] Installing dependencies...:  WARN  Moving @nx/expo that was installed by a different package manager to "node_modules/.ignored"

[00:54:18.044] [INFO] install-dependencies-spinner: Installing dependencies...: WARN  Moving @nx/expo tha
[00:54:18.044] [INFO] Installing dependencies...:  WARN  Moving @nx/express that was installed by a different package manager to "node_modules/.ignored"

[00:54:18.044] [INFO] install-dependencies-spinner: Installing dependencies...: WARN  Moving @nx/express 
[00:54:18.044] [INFO] Installing dependencies...:  WARN  Moving @nx/jest that was installed by a different package manager to "node_modules/.ignored"

[00:54:18.044] [INFO] install-dependencies-spinner: Installing dependencies...: WARN  Moving @nx/jest tha
[00:54:18.045] [INFO] Installing dependencies...:  WARN  Moving @nx/js that was installed by a different package manager to "node_modules/.ignored"

[00:54:18.045] [INFO] install-dependencies-spinner: Installing dependencies...: WARN  Moving @nx/js that 
[00:54:18.045] [INFO] Installing dependencies...:  WARN  Moving @nx/node that was installed by a different package manager to "node_modules/.ignored"

[00:54:18.045] [INFO] install-dependencies-spinner: Installing dependencies...: WARN  Moving @nx/node tha
[00:54:18.045] [INFO] Installing dependencies...:  WARN  Moving @nx/playwright that was installed by a different package manager to "node_modules/.ignored"

[00:54:18.045] [INFO] install-dependencies-spinner: Installing dependencies...: WARN  Moving @nx/playwrig
[00:54:18.045] [INFO] Installing dependencies...:  WARN  Moving @nx/react that was installed by a different package manager to "node_modules/.ignored"

[00:54:18.045] [INFO] install-dependencies-spinner: Installing dependencies...: WARN  Moving @nx/react th
[00:54:18.045] [INFO] Installing dependencies...:  WARN  Moving @nx/rollup that was installed by a different package manager to "node_modules/.ignored"

[00:54:18.045] [INFO] install-dependencies-spinner: Installing dependencies...: WARN  Moving @nx/rollup t
[00:54:18.045] [INFO] Installing dependencies...:  WARN  Moving @nx/storybook that was installed by a different package manager to "node_modules/.ignored"

[00:54:18.045] [INFO] install-dependencies-spinner: Installing dependencies...: WARN  Moving @nx/storyboo
[00:54:18.045] [INFO] Installing dependencies...:  WARN  Moving @nx/vite that was installed by a different package manager to "node_modules/.ignored"

[00:54:18.045] [INFO] install-dependencies-spinner: Installing dependencies...: WARN  Moving @nx/vite tha
[00:54:18.045] [INFO] Installing dependencies...:  WARN  Moving @nxrocks/nx-spring-boot that was installed by a different package manager to "node_modules/.ignored"

[00:54:18.045] [INFO] install-dependencies-spinner: Installing dependencies...: WARN  Moving @nxrocks/nx-
[00:54:18.046] [INFO] Installing dependencies...:  WARN  Moving @nx/web that was installed by a different package manager to "node_modules/.ignored"

[00:54:18.046] [INFO] install-dependencies-spinner: Installing dependencies...: WARN  Moving @nx/web that
[00:54:18.046] [INFO] Installing dependencies...:  WARN  Moving @nx/webpack that was installed by a different package manager to "node_modules/.ignored"

[00:54:18.046] [INFO] install-dependencies-spinner: Installing dependencies...: WARN  Moving @nx/webpack 
[00:54:18.046] [INFO] Installing dependencies...:  WARN  Moving @parcel/watcher that was installed by a different package manager to "node_modules/.ignored"

[00:54:18.046] [INFO] install-dependencies-spinner: Installing dependencies...: WARN  Moving @parcel/watc
[00:54:18.046] [INFO] Installing dependencies...:  WARN  Moving @nx/workspace that was installed by a different package manager to "node_modules/.ignored"

[00:54:18.046] [INFO] install-dependencies-spinner: Installing dependencies...: WARN  Moving @nx/workspac
[00:54:18.046] [INFO] Installing dependencies...:  WARN  Moving @rollup/plugin-url that was installed by a different package manager to "node_modules/.ignored"

[00:54:18.046] [INFO] install-dependencies-spinner: Installing dependencies...: WARN  Moving @rollup/plug
[00:54:18.046] [INFO] Installing dependencies...:  WARN  Moving @playwright/test that was installed by a different package manager to "node_modules/.ignored"

[00:54:18.046] [INFO] install-dependencies-spinner: Installing dependencies...: WARN  Moving @playwright/
[00:54:18.046] [INFO] Installing dependencies...:  WARN  Moving @storybook/addon-a11y that was installed by a different package manager to "node_modules/.ignored"

[00:54:18.046] [INFO] install-dependencies-spinner: Installing dependencies...: WARN  Moving @storybook/a
[00:54:18.046] [INFO] Installing dependencies...:  WARN  Moving @storybook/addon-coverage that was installed by a different package manager to "node_modules/.ignored"

[00:54:18.046] [INFO] install-dependencies-spinner: Installing dependencies...: WARN  Moving @storybook/a
[00:54:18.046] [INFO] Installing dependencies...:  WARN  Moving @storybook/addon-designs that was installed by a different package manager to "node_modules/.ignored"

[00:54:18.046] [INFO] install-dependencies-spinner: Installing dependencies...: WARN  Moving @storybook/a
[00:54:18.047] [INFO] Installing dependencies...:  WARN  Moving @storybook/addon-docs that was installed by a different package manager to "node_modules/.ignored"

[00:54:18.047] [INFO] install-dependencies-spinner: Installing dependencies...: WARN  Moving @storybook/a
[00:54:18.047] [INFO] Installing dependencies...:  WARN  Moving @storybook/addon-links that was installed by a different package manager to "node_modules/.ignored"

[00:54:18.047] [INFO] install-dependencies-spinner: Installing dependencies...: WARN  Moving @storybook/a
[00:54:18.047] [INFO] Installing dependencies...:  WARN  Moving @storybook/addon-storysource that was installed by a different package manager to "node_modules/.ignored"

[00:54:18.047] [INFO] install-dependencies-spinner: Installing dependencies...: WARN  Moving @storybook/a
[00:54:18.047] [INFO] Installing dependencies...:  WARN  Moving @storybook/addon-themes that was installed by a different package manager to "node_modules/.ignored"

[00:54:18.047] [INFO] install-dependencies-spinner: Installing dependencies...: WARN  Moving @storybook/a
[00:54:18.047] [INFO] Installing dependencies...:  WARN  Moving @storybook/react-vite that was installed by a different package manager to "node_modules/.ignored"

[00:54:18.047] [INFO] install-dependencies-spinner: Installing dependencies...: WARN  Moving @storybook/r
[00:54:18.047] [INFO] Installing dependencies...:  WARN  Moving @svgr/rollup that was installed by a different package manager to "node_modules/.ignored"

[00:54:18.047] [INFO] install-dependencies-spinner: Installing dependencies...: WARN  Moving @svgr/rollup
[00:54:18.047] [INFO] Installing dependencies...:  WARN  Moving @storybook/react-webpack5 that was installed by a different package manager to "node_modules/.ignored"

[00:54:18.047] [INFO] install-dependencies-spinner: Installing dependencies...: WARN  Moving @storybook/r
[00:54:18.047] [INFO] Installing dependencies...:  WARN  Moving @storybook/test-runner that was installed by a different package manager to "node_modules/.ignored"

[00:54:18.047] [INFO] install-dependencies-spinner: Installing dependencies...: WARN  Moving @storybook/t
[00:54:18.047] [INFO] Installing dependencies...:  WARN  Moving @svgr/webpack that was installed by a different package manager to "node_modules/.ignored"

[00:54:18.047] [INFO] install-dependencies-spinner: Installing dependencies...: WARN  Moving @svgr/webpac
[00:54:18.048] [INFO] Installing dependencies...:  WARN  Moving @swc-node/register that was installed by a different package manager to "node_modules/.ignored"

[00:54:18.048] [INFO] install-dependencies-spinner: Installing dependencies...: WARN  Moving @swc-node/re
[00:54:18.048] [INFO] Installing dependencies...:  WARN  Moving @tanstack/eslint-plugin-query that was installed by a different package manager to "node_modules/.ignored"

[00:54:18.048] [INFO] install-dependencies-spinner: Installing dependencies...: WARN  Moving @tanstack/es
[00:54:18.048] [INFO] Installing dependencies...:  WARN  Moving @tanstack/react-query-devtools that was installed by a different package manager to "node_modules/.ignored"

[00:54:18.048] [INFO] install-dependencies-spinner: Installing dependencies...: WARN  Moving @tanstack/re
[00:54:18.048] [INFO] Installing dependencies...:  WARN  Moving @swc/cli that was installed by a different package manager to "node_modules/.ignored"

[00:54:18.048] [INFO] install-dependencies-spinner: Installing dependencies...: WARN  Moving @swc/cli tha
[00:54:18.048] [INFO] Installing dependencies...:  WARN  Moving @testing-library/jest-dom that was installed by a different package manager to "node_modules/.ignored"

[00:54:18.048] [INFO] install-dependencies-spinner: Installing dependencies...: WARN  Moving @testing-lib
[00:54:18.048] [INFO] Installing dependencies...:  WARN  Moving @swc/jest that was installed by a different package manager to "node_modules/.ignored"

[00:54:18.048] [INFO] install-dependencies-spinner: Installing dependencies...: WARN  Moving @swc/jest th
[00:54:18.048] [INFO] Installing dependencies...:  WARN  Moving @swc/core that was installed by a different package manager to "node_modules/.ignored"

[00:54:18.048] [INFO] install-dependencies-spinner: Installing dependencies...: WARN  Moving @swc/core th
[00:54:18.048] [INFO] Installing dependencies...:  WARN  Moving @testing-library/jest-native that was installed by a different package manager to "node_modules/.ignored"

[00:54:18.048] [INFO] install-dependencies-spinner: Installing dependencies...: WARN  Moving @testing-lib
[00:54:18.049] [INFO] Installing dependencies...:  WARN  Moving @types/express that was installed by a different package manager to "node_modules/.ignored"

[00:54:18.049] [INFO] install-dependencies-spinner: Installing dependencies...: WARN  Moving @types/expre
[00:54:18.049] [INFO] Installing dependencies...:  WARN  Moving @types/google-one-tap that was installed by a different package manager to "node_modules/.ignored"

[00:54:18.049] [INFO] install-dependencies-spinner: Installing dependencies...: WARN  Moving @types/googl
[00:54:18.049] [INFO] Installing dependencies...:  WARN  Moving @types/google-spreadsheet that was installed by a different package manager to "node_modules/.ignored"

[00:54:18.049] [INFO] install-dependencies-spinner: Installing dependencies...: WARN  Moving @types/googl
[00:54:18.049] [INFO] Installing dependencies...:  WARN  Moving @types/jest that was installed by a different package manager to "node_modules/.ignored"

[00:54:18.049] [INFO] install-dependencies-spinner: Installing dependencies...: WARN  Moving @types/jest 
[00:54:18.049] [INFO] Installing dependencies...:  WARN  Moving @types/jest-axe that was installed by a different package manager to "node_modules/.ignored"

[00:54:18.049] [INFO] install-dependencies-spinner: Installing dependencies...: WARN  Moving @types/jest-
[00:54:18.049] [INFO] Installing dependencies...:  WARN  Moving @types/node that was installed by a different package manager to "node_modules/.ignored"

[00:54:18.049] [INFO] install-dependencies-spinner: Installing dependencies...: WARN  Moving @types/node 
[00:54:18.049] [INFO] Installing dependencies...:  WARN  Moving @testing-library/react that was installed by a different package manager to "node_modules/.ignored"

[00:54:18.049] [INFO] install-dependencies-spinner: Installing dependencies...: WARN  Moving @testing-lib
[00:54:18.049] [INFO] Installing dependencies...:  WARN  Moving @types/react that was installed by a different package manager to "node_modules/.ignored"

[00:54:18.049] [INFO] install-dependencies-spinner: Installing dependencies...: WARN  Moving @types/react
[00:54:18.049] [INFO] Installing dependencies...:  WARN  Moving @testing-library/react-native that was installed by a different package manager to "node_modules/.ignored"

[00:54:18.049] [INFO] install-dependencies-spinner: Installing dependencies...: WARN  Moving @testing-lib
[00:54:18.049] [INFO] Installing dependencies...:  WARN  Moving @types/react-datepicker that was installed by a different package manager to "node_modules/.ignored"

[00:54:18.049] [INFO] install-dependencies-spinner: Installing dependencies...: WARN  Moving @types/react
[00:54:18.050] [INFO] Installing dependencies...:  WARN  Moving @testing-library/user-event that was installed by a different package manager to "node_modules/.ignored"

[00:54:18.050] [INFO] install-dependencies-spinner: Installing dependencies...: WARN  Moving @testing-lib
[00:54:18.050] [INFO] Installing dependencies...:  WARN  Moving @types/react-dom that was installed by a different package manager to "node_modules/.ignored"

[00:54:18.050] [INFO] install-dependencies-spinner: Installing dependencies...: WARN  Moving @types/react
[00:54:18.050] [INFO] Installing dependencies...:  WARN  Moving @typescript-eslint/eslint-plugin that was installed by a different package manager to "node_modules/.ignored"

[00:54:18.050] [INFO] install-dependencies-spinner: Installing dependencies...: WARN  Moving @typescript-
[00:54:18.050] [INFO] Installing dependencies...:  WARN  Moving @types/react-router-dom that was installed by a different package manager to "node_modules/.ignored"

[00:54:18.050] [INFO] install-dependencies-spinner: Installing dependencies...: WARN  Moving @types/react
[00:54:18.050] [INFO] Installing dependencies...:  WARN  Moving @types/styled-system that was installed by a different package manager to "node_modules/.ignored"

[00:54:18.050] [INFO] install-dependencies-spinner: Installing dependencies...: WARN  Moving @types/style
[00:54:18.050] [INFO] Installing dependencies...:  WARN  Moving @typescript-eslint/parser that was installed by a different package manager to "node_modules/.ignored"

[00:54:18.050] [INFO] install-dependencies-spinner: Installing dependencies...: WARN  Moving @typescript-
[00:54:18.050] [INFO] Installing dependencies...:  WARN  Moving @vitejs/plugin-react that was installed by a different package manager to "node_modules/.ignored"

[00:54:18.050] [INFO] install-dependencies-spinner: Installing dependencies...: WARN  Moving @vitejs/plug
[00:54:18.050] [INFO] Installing dependencies...:  WARN  Moving @vitest/ui that was installed by a different package manager to "node_modules/.ignored"

[00:54:18.050] [INFO] install-dependencies-spinner: Installing dependencies...: WARN  Moving @vitest/ui t
[00:54:18.050] [INFO] Installing dependencies...:  WARN  Moving babel-jest that was installed by a different package manager to "node_modules/.ignored"

[00:54:18.050] [INFO] install-dependencies-spinner: Installing dependencies...: WARN  Moving babel-jest t
[00:54:18.050] [INFO] Installing dependencies...:  WARN  Moving babel-loader that was installed by a different package manager to "node_modules/.ignored"

[00:54:18.050] [INFO] install-dependencies-spinner: Installing dependencies...: WARN  Moving babel-loader
[00:54:18.050] [INFO] Installing dependencies...:  WARN  Moving babel-plugin-transform-vite-meta-env that was installed by a different package manager to "node_modules/.ignored"

[00:54:18.050] [INFO] install-dependencies-spinner: Installing dependencies...: WARN  Moving babel-plugin
[00:54:18.051] [INFO] Installing dependencies...:  WARN  Moving babel-preset-expo that was installed by a different package manager to "node_modules/.ignored"

[00:54:18.051] [INFO] install-dependencies-spinner: Installing dependencies...: WARN  Moving babel-preset
[00:54:18.051] [INFO] Installing dependencies...:  WARN  Moving chromatic that was installed by a different package manager to "node_modules/.ignored"

[00:54:18.051] [INFO] install-dependencies-spinner: Installing dependencies...: WARN  Moving chromatic th
[00:54:18.051] [INFO] Installing dependencies...:  WARN  Moving css-loader that was installed by a different package manager to "node_modules/.ignored"

[00:54:18.051] [INFO] install-dependencies-spinner: Installing dependencies...: WARN  Moving css-loader t
[00:54:18.051] [INFO] Installing dependencies...:  WARN  Moving cypress that was installed by a different package manager to "node_modules/.ignored"

[00:54:18.051] [INFO] install-dependencies-spinner: Installing dependencies...: WARN  Moving cypress that
[00:54:18.051] [INFO] Installing dependencies...:  WARN  Moving detox that was installed by a different package manager to "node_modules/.ignored"

[00:54:18.051] [INFO] install-dependencies-spinner: Installing dependencies...: WARN  Moving detox that w
[00:54:18.051] [INFO] Installing dependencies...:  WARN  Moving eas-cli that was installed by a different package manager to "node_modules/.ignored"

[00:54:18.051] [INFO] install-dependencies-spinner: Installing dependencies...: WARN  Moving eas-cli that
[00:54:18.051] [INFO] Installing dependencies...:  WARN  Moving esbuild that was installed by a different package manager to "node_modules/.ignored"

[00:54:18.051] [INFO] install-dependencies-spinner: Installing dependencies...: WARN  Moving esbuild that
[00:54:18.051] [INFO] Installing dependencies...:  WARN  Moving eslint that was installed by a different package manager to "node_modules/.ignored"

[00:54:18.051] [INFO] install-dependencies-spinner: Installing dependencies...: WARN  Moving eslint that 
[00:54:18.051] [INFO] Installing dependencies...:  WARN  Moving eslint-config-prettier that was installed by a different package manager to "node_modules/.ignored"

[00:54:18.051] [INFO] install-dependencies-spinner: Installing dependencies...: WARN  Moving eslint-confi
[00:54:18.051] [INFO] Installing dependencies...:  WARN  Moving eslint-config-react-app that was installed by a different package manager to "node_modules/.ignored"

[00:54:18.051] [INFO] install-dependencies-spinner: Installing dependencies...: WARN  Moving eslint-confi
[00:54:18.052] [INFO] Installing dependencies...:  WARN  Moving eslint-import-resolver-typescript that was installed by a different package manager to "node_modules/.ignored"

[00:54:18.052] [INFO] install-dependencies-spinner: Installing dependencies...: WARN  Moving eslint-impor
[00:54:18.052] [INFO] Installing dependencies...:  WARN  Moving eslint-plugin-cypress that was installed by a different package manager to "node_modules/.ignored"

[00:54:18.052] [INFO] install-dependencies-spinner: Installing dependencies...: WARN  Moving eslint-plugi
[00:54:18.052] [INFO] Installing dependencies...:  WARN  Moving eslint-plugin-import that was installed by a different package manager to "node_modules/.ignored"

[00:54:18.052] [INFO] install-dependencies-spinner: Installing dependencies...: WARN  Moving eslint-plugi
[00:54:18.052] [INFO] Installing dependencies...:  WARN  Moving eslint-plugin-jsx-a11y that was installed by a different package manager to "node_modules/.ignored"

[00:54:18.052] [INFO] install-dependencies-spinner: Installing dependencies...: WARN  Moving eslint-plugi
[00:54:18.052] [INFO] Installing dependencies...:  WARN  Moving eslint-plugin-playwright that was installed by a different package manager to "node_modules/.ignored"

[00:54:18.052] [INFO] install-dependencies-spinner: Installing dependencies...: WARN  Moving eslint-plugi
[00:54:18.052] [INFO] Installing dependencies...:  WARN  Moving eslint-plugin-react that was installed by a different package manager to "node_modules/.ignored"

[00:54:18.052] [INFO] install-dependencies-spinner: Installing dependencies...: WARN  Moving eslint-plugi
[00:54:18.052] [INFO] Installing dependencies...:  WARN  Moving eslint-plugin-react-hooks that was installed by a different package manager to "node_modules/.ignored"

[00:54:18.052] [INFO] install-dependencies-spinner: Installing dependencies...: WARN  Moving eslint-plugi
[00:54:18.052] [INFO] Installing dependencies...:  WARN  Moving eslint-plugin-simple-import-sort that was installed by a different package manager to "node_modules/.ignored"

[00:54:18.052] [INFO] install-dependencies-spinner: Installing dependencies...: WARN  Moving eslint-plugi
[00:54:18.052] [INFO] Installing dependencies...:  WARN  Moving eslint-plugin-storybook that was installed by a different package manager to "node_modules/.ignored"

[00:54:18.052] [INFO] install-dependencies-spinner: Installing dependencies...: WARN  Moving eslint-plugi
[00:54:18.052] [INFO] Installing dependencies...:  WARN  Moving eslint-plugin-unicorn that was installed by a different package manager to "node_modules/.ignored"

[00:54:18.052] [INFO] install-dependencies-spinner: Installing dependencies...: WARN  Moving eslint-plugi
[00:54:18.052] [INFO] Installing dependencies...:  WARN  Moving expo-cli that was installed by a different package manager to "node_modules/.ignored"

[00:54:18.052] [INFO] install-dependencies-spinner: Installing dependencies...: WARN  Moving expo-cli tha
[00:54:18.053] [INFO] Installing dependencies...:  WARN  Moving google-spreadsheet that was installed by a different package manager to "node_modules/.ignored"

[00:54:18.053] [INFO] install-dependencies-spinner: Installing dependencies...: WARN  Moving google-sprea
[00:54:18.053] [INFO] Installing dependencies...:  WARN  Moving jest that was installed by a different package manager to "node_modules/.ignored"

[00:54:18.053] [INFO] install-dependencies-spinner: Installing dependencies...: WARN  Moving jest that wa
[00:54:18.053] [INFO] Installing dependencies...:  WARN  Moving jest-axe that was installed by a different package manager to "node_modules/.ignored"

[00:54:18.053] [INFO] install-dependencies-spinner: Installing dependencies...: WARN  Moving jest-axe tha
[00:54:18.053] [INFO] Installing dependencies...:  WARN  Moving jest-environment-node that was installed by a different package manager to "node_modules/.ignored"

[00:54:18.053] [INFO] install-dependencies-spinner: Installing dependencies...: WARN  Moving jest-environ
[00:54:18.053] [INFO] Installing dependencies...:  WARN  Moving jest-environment-jsdom that was installed by a different package manager to "node_modules/.ignored"

[00:54:18.053] [INFO] install-dependencies-spinner: Installing dependencies...: WARN  Moving jest-environ
[00:54:18.053] [INFO] Installing dependencies...:  WARN  Moving jest-expo that was installed by a different package manager to "node_modules/.ignored"

[00:54:18.053] [INFO] install-dependencies-spinner: Installing dependencies...: WARN  Moving jest-expo th
[00:54:18.053] [INFO] Installing dependencies...:  WARN  Moving jest-util that was installed by a different package manager to "node_modules/.ignored"

[00:54:18.053] [INFO] install-dependencies-spinner: Installing dependencies...: WARN  Moving jest-util th
[00:54:18.053] [INFO] Installing dependencies...:  WARN  Moving jsdom that was installed by a different package manager to "node_modules/.ignored"

[00:54:18.053] [INFO] install-dependencies-spinner: Installing dependencies...: WARN  Moving jsdom that w
[00:54:18.053] [INFO] Installing dependencies...:  WARN  Moving lint-staged that was installed by a different package manager to "node_modules/.ignored"

[00:54:18.053] [INFO] install-dependencies-spinner: Installing dependencies...: WARN  Moving lint-staged 
[00:54:18.054] [INFO] Installing dependencies...:  WARN  Moving metro that was installed by a different package manager to "node_modules/.ignored"

[00:54:18.054] [INFO] install-dependencies-spinner: Installing dependencies...: WARN  Moving metro that w
[00:54:18.054] [INFO] Installing dependencies...:  WARN  Moving metro-resolver that was installed by a different package manager to "node_modules/.ignored"

[00:54:18.054] [INFO] install-dependencies-spinner: Installing dependencies...: WARN  Moving metro-resolv
[00:54:18.054] [INFO] Installing dependencies...:  WARN  Moving msw that was installed by a different package manager to "node_modules/.ignored"

[00:54:18.054] [INFO] install-dependencies-spinner: Installing dependencies...: WARN  Moving msw that was
[00:54:18.054] [INFO] Installing dependencies...:  WARN  Moving msw-storybook-addon that was installed by a different package manager to "node_modules/.ignored"

[00:54:18.054] [INFO] install-dependencies-spinner: Installing dependencies...: WARN  Moving msw-storyboo
[00:54:18.054] [INFO] Installing dependencies...:  WARN  Moving nx that was installed by a different package manager to "node_modules/.ignored"

[00:54:18.054] [INFO] install-dependencies-spinner: Installing dependencies...: WARN  Moving nx that was 
[00:54:18.054] [INFO] Installing dependencies...:  WARN  Moving nx-cloud that was installed by a different package manager to "node_modules/.ignored"

[00:54:18.054] [INFO] install-dependencies-spinner: Installing dependencies...: WARN  Moving nx-cloud tha
[00:54:18.054] [INFO] Installing dependencies...:  WARN  Moving openapi-typescript that was installed by a different package manager to "node_modules/.ignored"

[00:54:18.054] [INFO] install-dependencies-spinner: Installing dependencies...: WARN  Moving openapi-type
[00:54:18.054] [INFO] Installing dependencies...:  WARN  Moving playwright that was installed by a different package manager to "node_modules/.ignored"

[00:54:18.054] [INFO] install-dependencies-spinner: Installing dependencies...: WARN  Moving playwright t
[00:54:18.054] [INFO] Installing dependencies...:  WARN  Moving prettier that was installed by a different package manager to "node_modules/.ignored"

[00:54:18.054] [INFO] install-dependencies-spinner: Installing dependencies...: WARN  Moving prettier tha
[00:54:18.054] [INFO] Installing dependencies...:  WARN  Moving prop-types that was installed by a different package manager to "node_modules/.ignored"

[00:54:18.054] [INFO] install-dependencies-spinner: Installing dependencies...: WARN  Moving prop-types t
[00:54:18.055] [INFO] Installing dependencies...:  WARN  Moving react-test-renderer that was installed by a different package manager to "node_modules/.ignored"

[00:54:18.055] [INFO] install-dependencies-spinner: Installing dependencies...: WARN  Moving react-test-r
[00:54:18.055] [INFO] Installing dependencies...:  WARN  Moving storybook that was installed by a different package manager to "node_modules/.ignored"

[00:54:18.055] [INFO] install-dependencies-spinner: Installing dependencies...: WARN  Moving storybook th
[00:54:18.055] [INFO] Installing dependencies...:  WARN  Moving storybook-addon-react-router-v6 that was installed by a different package manager to "node_modules/.ignored"

[00:54:18.055] [INFO] install-dependencies-spinner: Installing dependencies...: WARN  Moving storybook-ad
[00:54:18.055] [INFO] Installing dependencies...:  WARN  Moving style-loader that was installed by a different package manager to "node_modules/.ignored"

[00:54:18.055] [INFO] install-dependencies-spinner: Installing dependencies...: WARN  Moving style-loader
[00:54:18.055] [INFO] Installing dependencies...:  WARN  Moving ts-jest that was installed by a different package manager to "node_modules/.ignored"

[00:54:18.055] [INFO] install-dependencies-spinner: Installing dependencies...: WARN  Moving ts-jest that
[00:54:18.055] [INFO] Installing dependencies...:  WARN  Moving ts-node that was installed by a different package manager to "node_modules/.ignored"

[00:54:18.055] [INFO] install-dependencies-spinner: Installing dependencies...: WARN  Moving ts-node that
[00:54:18.055] [INFO] Installing dependencies...:  WARN  Moving typescript that was installed by a different package manager to "node_modules/.ignored"

[00:54:18.055] [INFO] install-dependencies-spinner: Installing dependencies...: WARN  Moving typescript t
[00:54:18.055] [INFO] Installing dependencies...:  WARN  Moving vite that was installed by a different package manager to "node_modules/.ignored"

[00:54:18.055] [INFO] install-dependencies-spinner: Installing dependencies...: WARN  Moving vite that wa
[00:54:18.055] [INFO] Installing dependencies...:  WARN  Moving vite-plugin-dts that was installed by a different package manager to "node_modules/.ignored"

[00:54:18.055] [INFO] install-dependencies-spinner: Installing dependencies...: WARN  Moving vite-plugin-
[00:54:18.055] [INFO] Installing dependencies...:  WARN  Moving vite-plugin-node-polyfills that was installed by a different package manager to "node_modules/.ignored"

[00:54:18.055] [INFO] install-dependencies-spinner: Installing dependencies...: WARN  Moving vite-plugin-
[00:54:18.055] [INFO] Installing dependencies...:  WARN  Moving vite-tsconfig-paths that was installed by a different package manager to "node_modules/.ignored"

[00:54:18.055] [INFO] install-dependencies-spinner: Installing dependencies...: WARN  Moving vite-tsconfi
[00:54:18.055] [INFO] Installing dependencies...:  WARN  Moving vitest that was installed by a different package manager to "node_modules/.ignored"

[00:54:18.055] [INFO] install-dependencies-spinner: Installing dependencies...: WARN  Moving vitest that 
[00:54:18.056] [INFO] Installing dependencies...:  WARN  Moving @chakra-ui/react that was installed by a different package manager to "node_modules/.ignored"

[00:54:18.056] [INFO] install-dependencies-spinner: Installing dependencies...: WARN  Moving @chakra-ui/r
[00:54:18.056] [INFO] Installing dependencies...:  WARN  Moving webpack that was installed by a different package manager to "node_modules/.ignored"

[00:54:18.056] [INFO] install-dependencies-spinner: Installing dependencies...: WARN  Moving webpack that
[00:54:18.056] [INFO] Installing dependencies...:  WARN  Moving @embeddedchat/react that was installed by a different package manager to "node_modules/.ignored"

[00:54:18.056] [INFO] install-dependencies-spinner: Installing dependencies...: WARN  Moving @embeddedcha
[00:54:18.056] [INFO] Installing dependencies...:  WARN  Moving @emotion/react that was installed by a different package manager to "node_modules/.ignored"

[00:54:18.056] [INFO] install-dependencies-spinner: Installing dependencies...: WARN  Moving @emotion/rea
[00:54:18.056] [INFO] Installing dependencies...:  WARN  Moving @expo/metro-config that was installed by a different package manager to "node_modules/.ignored"

[00:54:18.056] [INFO] install-dependencies-spinner: Installing dependencies...: WARN  Moving @expo/metro-
[00:54:18.056] [INFO] Installing dependencies...:  WARN  Moving @expo/webpack-config that was installed by a different package manager to "node_modules/.ignored"

[00:54:18.056] [INFO] install-dependencies-spinner: Installing dependencies...: WARN  Moving @expo/webpac
[00:54:18.056] [INFO] Installing dependencies...:  WARN  Moving @fontsource/inter that was installed by a different package manager to "node_modules/.ignored"

[00:54:18.056] [INFO] install-dependencies-spinner: Installing dependencies...: WARN  Moving @fontsource/
[00:54:18.056] [INFO] Installing dependencies...:  WARN  Moving @hookform/error-message that was installed by a different package manager to "node_modules/.ignored"

[00:54:18.056] [INFO] install-dependencies-spinner: Installing dependencies...: WARN  Moving @hookform/er
[00:54:18.056] [INFO] Installing dependencies...:  WARN  Moving @hookform/resolvers that was installed by a different package manager to "node_modules/.ignored"

[00:54:18.056] [INFO] install-dependencies-spinner: Installing dependencies...: WARN  Moving @hookform/re
[00:54:18.056] [INFO] Installing dependencies...:  WARN  Moving @hotjar/browser that was installed by a different package manager to "node_modules/.ignored"

[00:54:18.056] [INFO] install-dependencies-spinner: Installing dependencies...: WARN  Moving @hotjar/brow
[00:54:18.056] [INFO] Installing dependencies...:  WARN  Moving @lukemorales/query-key-factory that was installed by a different package manager to "node_modules/.ignored"

[00:54:18.056] [INFO] install-dependencies-spinner: Installing dependencies...: WARN  Moving @lukemorales
[00:54:18.057] [INFO] Installing dependencies...:  WARN  Moving @mdx-js/react that was installed by a different package manager to "node_modules/.ignored"

[00:54:18.057] [INFO] install-dependencies-spinner: Installing dependencies...: WARN  Moving @mdx-js/reac
[00:54:18.057] [INFO] Installing dependencies...:  WARN  Moving @modelcontextprotocol/sdk that was installed by a different package manager to "node_modules/.ignored"

[00:54:18.057] [INFO] install-dependencies-spinner: Installing dependencies...: WARN  Moving @modelcontex
[00:54:18.057] [INFO] Installing dependencies...:  WARN  Moving @nikolovlazar/chakra-ui-prose that was installed by a different package manager to "node_modules/.ignored"

[00:54:18.057] [INFO] install-dependencies-spinner: Installing dependencies...: WARN  Moving @nikolovlaza
[00:54:18.057] [INFO] Installing dependencies...:  WARN  Moving @react-oauth/google that was installed by a different package manager to "node_modules/.ignored"

[00:54:18.057] [INFO] install-dependencies-spinner: Installing dependencies...: WARN  Moving @react-oauth
[00:54:18.057] [INFO] Installing dependencies...:  WARN  Moving @swc/helpers that was installed by a different package manager to "node_modules/.ignored"

[00:54:18.057] [INFO] install-dependencies-spinner: Installing dependencies...: WARN  Moving @swc/helpers
[00:54:18.057] [INFO] Installing dependencies...:  WARN  Moving @tsconfig/node16-strictest-esm that was installed by a different package manager to "node_modules/.ignored"

[00:54:18.057] [INFO] install-dependencies-spinner: Installing dependencies...: WARN  Moving @tsconfig/no
[00:54:18.057] [INFO] Installing dependencies...:  WARN  Moving @tanstack/react-query that was installed by a different package manager to "node_modules/.ignored"

[00:54:18.057] [INFO] install-dependencies-spinner: Installing dependencies...: WARN  Moving @tanstack/re
[00:54:18.057] [INFO] Installing dependencies...:  WARN  Moving @tanstack/react-table that was installed by a different package manager to "node_modules/.ignored"

[00:54:18.057] [INFO] install-dependencies-spinner: Installing dependencies...: WARN  Moving @tanstack/re
[00:54:18.057] [INFO] Installing dependencies...:  WARN  Moving @types/cors that was installed by a different package manager to "node_modules/.ignored"

[00:54:18.057] [INFO] install-dependencies-spinner: Installing dependencies...: WARN  Moving @types/cors 
[00:54:18.057] [INFO] Installing dependencies...:  WARN  Moving @types/debounce-promise that was installed by a different package manager to "node_modules/.ignored"

[00:54:18.057] [INFO] install-dependencies-spinner: Installing dependencies...: WARN  Moving @types/debou
[00:54:18.058] [INFO] Installing dependencies...:  WARN  Moving @vercel/speed-insights that was installed by a different package manager to "node_modules/.ignored"

[00:54:18.058] [INFO] install-dependencies-spinner: Installing dependencies...: WARN  Moving @vercel/spee
[00:54:18.058] [INFO] Installing dependencies...:  WARN  Moving ai that was installed by a different package manager to "node_modules/.ignored"

[00:54:18.058] [INFO] install-dependencies-spinner: Installing dependencies...: WARN  Moving ai that was 
[00:54:18.058] [INFO] Installing dependencies...:  WARN  Moving @types/react-helmet that was installed by a different package manager to "node_modules/.ignored"

[00:54:18.058] [INFO] install-dependencies-spinner: Installing dependencies...: WARN  Moving @types/react
[00:54:18.058] [INFO] Installing dependencies...:  WARN  Moving axios that was installed by a different package manager to "node_modules/.ignored"

[00:54:18.058] [INFO] install-dependencies-spinner: Installing dependencies...: WARN  Moving axios that w
[00:54:18.058] [INFO] Installing dependencies...:  WARN  Moving chakra-react-select that was installed by a different package manager to "node_modules/.ignored"

[00:54:18.058] [INFO] install-dependencies-spinner: Installing dependencies...: WARN  Moving chakra-react
[00:54:18.058] [INFO] Installing dependencies...:  WARN  Moving cors that was installed by a different package manager to "node_modules/.ignored"

[00:54:18.058] [INFO] install-dependencies-spinner: Installing dependencies...: WARN  Moving cors that wa
[00:54:18.058] [INFO] Installing dependencies...:  WARN  Moving core-js that was installed by a different package manager to "node_modules/.ignored"

[00:54:18.058] [INFO] install-dependencies-spinner: Installing dependencies...: WARN  Moving core-js that
[00:54:18.058] [INFO] Installing dependencies...:  WARN  Moving date-fns that was installed by a different package manager to "node_modules/.ignored"

[00:54:18.058] [INFO] install-dependencies-spinner: Installing dependencies...: WARN  Moving date-fns tha
[00:54:18.058] [INFO] Installing dependencies...:  WARN  Moving dayjs that was installed by a different package manager to "node_modules/.ignored"

[00:54:18.058] [INFO] install-dependencies-spinner: Installing dependencies...: WARN  Moving dayjs that w
[00:54:18.058] [INFO] Installing dependencies...:  WARN  Moving debounce-promise that was installed by a different package manager to "node_modules/.ignored"

[00:54:18.058] [INFO] install-dependencies-spinner: Installing dependencies...: WARN  Moving debounce-pro
[00:54:18.058] [INFO] Installing dependencies...:  WARN  Moving dotenv that was installed by a different package manager to "node_modules/.ignored"

[00:54:18.058] [INFO] install-dependencies-spinner: Installing dependencies...: WARN  Moving dotenv that 
[00:54:18.059] [INFO] Installing dependencies...:  WARN  Moving eslint-plugin-mdx that was installed by a different package manager to "node_modules/.ignored"

[00:54:18.059] [INFO] install-dependencies-spinner: Installing dependencies...: WARN  Moving eslint-plugi
[00:54:18.059] [INFO] Installing dependencies...:  WARN  Moving expo that was installed by a different package manager to "node_modules/.ignored"

[00:54:18.059] [INFO] install-dependencies-spinner: Installing dependencies...: WARN  Moving expo that wa
[00:54:18.059] [INFO] Installing dependencies...:  WARN  Moving expo-splash-screen that was installed by a different package manager to "node_modules/.ignored"

[00:54:18.059] [INFO] install-dependencies-spinner: Installing dependencies...: WARN  Moving expo-splash-
[00:54:18.059] [INFO] Installing dependencies...:  WARN  Moving expo-status-bar that was installed by a different package manager to "node_modules/.ignored"

[00:54:18.059] [INFO] install-dependencies-spinner: Installing dependencies...: WARN  Moving expo-status-
[00:54:18.059] [INFO] Installing dependencies...:  WARN  Moving express that was installed by a different package manager to "node_modules/.ignored"

[00:54:18.059] [INFO] install-dependencies-spinner: Installing dependencies...: WARN  Moving express that
[00:54:18.059] [INFO] Installing dependencies...:  WARN  Moving formik that was installed by a different package manager to "node_modules/.ignored"

[00:54:18.059] [INFO] install-dependencies-spinner: Installing dependencies...: WARN  Moving formik that 
[00:54:18.059] [INFO] Installing dependencies...:  WARN  Moving fuse.js that was installed by a different package manager to "node_modules/.ignored"

[00:54:18.059] [INFO] install-dependencies-spinner: Installing dependencies...: WARN  Moving fuse.js that
[00:54:18.059] [INFO] Installing dependencies...:  WARN  Moving glob that was installed by a different package manager to "node_modules/.ignored"

[00:54:18.059] [INFO] install-dependencies-spinner: Installing dependencies...: WARN  Moving glob that wa
[00:54:18.059] [INFO] Installing dependencies...:  WARN  Moving html-react-parser that was installed by a different package manager to "node_modules/.ignored"

[00:54:18.059] [INFO] install-dependencies-spinner: Installing dependencies...: WARN  Moving html-react-p
[00:54:18.059] [INFO] Installing dependencies...:  WARN  Moving localforage that was installed by a different package manager to "node_modules/.ignored"

[00:54:18.059] [INFO] install-dependencies-spinner: Installing dependencies...: WARN  Moving localforage 
[00:54:18.059] [INFO] Installing dependencies...:  WARN  Moving lodash.escape that was installed by a different package manager to "node_modules/.ignored"

[00:54:18.059] [INFO] install-dependencies-spinner: Installing dependencies...: WARN  Moving lodash.escap
[00:54:18.060] [INFO] Installing dependencies...:  WARN  Moving next-themes that was installed by a different package manager to "node_modules/.ignored"

[00:54:18.060] [INFO] install-dependencies-spinner: Installing dependencies...: WARN  Moving next-themes 
[00:54:18.060] [INFO] Installing dependencies...:  WARN  Moving openapi-backend that was installed by a different package manager to "node_modules/.ignored"

[00:54:18.060] [INFO] install-dependencies-spinner: Installing dependencies...: WARN  Moving openapi-back
[00:54:18.060] [INFO] Installing dependencies...:  WARN  Moving qs that was installed by a different package manager to "node_modules/.ignored"

[00:54:18.060] [INFO] install-dependencies-spinner: Installing dependencies...: WARN  Moving qs that was 
[00:54:18.060] [INFO] Installing dependencies...:  WARN  Moving react that was installed by a different package manager to "node_modules/.ignored"

[00:54:18.060] [INFO] install-dependencies-spinner: Installing dependencies...: WARN  Moving react that w
[00:54:18.060] [INFO] Installing dependencies...:  WARN  Moving react-datepicker that was installed by a different package manager to "node_modules/.ignored"

[00:54:18.060] [INFO] install-dependencies-spinner: Installing dependencies...: WARN  Moving react-datepi
[00:54:18.060] [INFO] Installing dependencies...:  WARN  Moving react-dom that was installed by a different package manager to "node_modules/.ignored"

[00:54:18.060] [INFO] install-dependencies-spinner: Installing dependencies...: WARN  Moving react-dom th
[00:54:18.060] [INFO] Installing dependencies...:  WARN  Moving react-easy-crop that was installed by a different package manager to "node_modules/.ignored"

[00:54:18.060] [INFO] install-dependencies-spinner: Installing dependencies...: WARN  Moving react-easy-c
[00:54:18.060] [INFO] Installing dependencies...:  WARN  Moving react-error-boundary that was installed by a different package manager to "node_modules/.ignored"

[00:54:18.060] [INFO] install-dependencies-spinner: Installing dependencies...: WARN  Moving react-error-
[00:54:18.060] [INFO] Installing dependencies...:  WARN  Moving react-ga4 that was installed by a different package manager to "node_modules/.ignored"

[00:54:18.060] [INFO] install-dependencies-spinner: Installing dependencies...: WARN  Moving react-ga4 th
[00:54:18.060] [INFO] Installing dependencies...:  WARN  Moving react-google-drive-picker that was installed by a different package manager to "node_modules/.ignored"

[00:54:18.060] [INFO] install-dependencies-spinner: Installing dependencies...: WARN  Moving react-google
[00:54:18.061] [INFO] Installing dependencies...:  WARN  Moving react-helmet that was installed by a different package manager to "node_modules/.ignored"

[00:54:18.061] [INFO] install-dependencies-spinner: Installing dependencies...: WARN  Moving react-helmet
[00:54:18.061] [INFO] Installing dependencies...:  WARN  Moving react-hook-form that was installed by a different package manager to "node_modules/.ignored"

[00:54:18.061] [INFO] install-dependencies-spinner: Installing dependencies...: WARN  Moving react-hook-f
[00:54:18.061] [INFO] Installing dependencies...:  WARN  Moving react-icons that was installed by a different package manager to "node_modules/.ignored"

[00:54:18.061] [INFO] install-dependencies-spinner: Installing dependencies...: WARN  Moving react-icons 
[00:54:18.061] [INFO] Installing dependencies...:  WARN  Moving react-lorem-ipsum that was installed by a different package manager to "node_modules/.ignored"

[00:54:18.061] [INFO] install-dependencies-spinner: Installing dependencies...: WARN  Moving react-lorem-
[00:54:18.061] [INFO] Installing dependencies...:  WARN  Moving react-native that was installed by a different package manager to "node_modules/.ignored"

[00:54:18.061] [INFO] install-dependencies-spinner: Installing dependencies...: WARN  Moving react-native
[00:54:18.061] [INFO] Installing dependencies...:  WARN  Moving react-native-svg that was installed by a different package manager to "node_modules/.ignored"

[00:54:18.061] [INFO] install-dependencies-spinner: Installing dependencies...: WARN  Moving react-native
[00:54:18.061] [INFO] Installing dependencies...:  WARN  Moving react-native-svg-transformer that was installed by a different package manager to "node_modules/.ignored"

[00:54:18.061] [INFO] install-dependencies-spinner: Installing dependencies...: WARN  Moving react-native
[00:54:18.061] [INFO] Installing dependencies...:  WARN  Moving react-native-web that was installed by a different package manager to "node_modules/.ignored"

[00:54:18.061] [INFO] install-dependencies-spinner: Installing dependencies...: WARN  Moving react-native
[00:54:18.061] [INFO] Installing dependencies...:  WARN  Moving react-router-dom that was installed by a different package manager to "node_modules/.ignored"

[00:54:18.061] [INFO] install-dependencies-spinner: Installing dependencies...: WARN  Moving react-router
[00:54:18.061] [INFO] Installing dependencies...:  WARN  Moving react-spinners that was installed by a different package manager to "node_modules/.ignored"

[00:54:18.061] [INFO] install-dependencies-spinner: Installing dependencies...: WARN  Moving react-spinne
[00:54:18.061] [INFO] Installing dependencies...:  WARN  Moving react-use that was installed by a different package manager to "node_modules/.ignored"

[00:54:18.061] [INFO] install-dependencies-spinner: Installing dependencies...: WARN  Moving react-use th
[00:54:18.062] [INFO] Installing dependencies...:  WARN  Moving rooks that was installed by a different package manager to "node_modules/.ignored"

[00:54:18.062] [INFO] install-dependencies-spinner: Installing dependencies...: WARN  Moving rooks that w
[00:54:18.062] [INFO] Installing dependencies...:  WARN  Moving snippet that was installed by a different package manager to "node_modules/.ignored"

[00:54:18.062] [INFO] install-dependencies-spinner: Installing dependencies...: WARN  Moving snippet that
[00:54:18.062] [INFO] Installing dependencies...:  WARN  Moving tslib that was installed by a different package manager to "node_modules/.ignored"

[00:54:18.062] [INFO] install-dependencies-spinner: Installing dependencies...: WARN  Moving tslib that w
[00:54:18.062] [INFO] Installing dependencies...:  WARN  Moving tsx that was installed by a different package manager to "node_modules/.ignored"

[00:54:18.062] [INFO] install-dependencies-spinner: Installing dependencies...: WARN  Moving tsx that was
[00:54:18.062] [INFO] Installing dependencies...:  WARN  Moving use-count-up that was installed by a different package manager to "node_modules/.ignored"

[00:54:18.062] [INFO] install-dependencies-spinner: Installing dependencies...: WARN  Moving use-count-up
[00:54:18.062] [INFO] Installing dependencies...:  WARN  Moving yup that was installed by a different package manager to "node_modules/.ignored"

[00:54:18.062] [INFO] install-dependencies-spinner: Installing dependencies...: WARN  Moving yup that was
[00:54:18.062] [INFO] Installing dependencies...:  WARN  Moving zustand that was installed by a different package manager to "node_modules/.ignored"

[00:54:18.062] [INFO] install-dependencies-spinner: Installing dependencies...: WARN  Moving zustand that
[00:54:18.062] [INFO] Installing dependencies...:  WARN  Moving zod that was installed by a different package manager to "node_modules/.ignored"

[00:54:18.062] [INFO] install-dependencies-spinner: Installing dependencies...: WARN  Moving zod that was
[00:54:53.221] [INFO] Installing dependencies...: Progress: resolved 0, reused 1, downloaded 0, added 0
 WARN  deprecated @chromaui/addon-visual-tests@0.0.105: This package has been renamed @chromatic-com/storybook
 WARN  deprecated @types/google-spreadsheet@4.0.0: This is a stub types definition. google-spreadsheet provides its own type definitions, so you do not need this installed.

[00:54:53.221] [INFO] install-dependencies-spinner: Installing dependencies...: Progress: resolved 0, reu
[00:54:53.305] [INFO] Installing dependencies...:  WARN  deprecated @testing-library/jest-native@5.4.3: DEPRECATED: This package is no longer maintained.
Please use the built-in Jest matchers available in @testing-library/react-native v12.4+.

See migration guide: https://callstack.github.io/react-native-testing-library/docs/migration/jest-matchers

[00:54:53.305] [INFO] install-dependencies-spinner: Installing dependencies...: WARN  deprecated @testing
[00:54:53.647] [INFO] Installing dependencies...:  WARN  deprecated eslint@8.57.1: This version is no longer supported. Please see https://eslint.org/version-support for other options.

[00:54:53.647] [INFO] install-dependencies-spinner: Installing dependencies...: WARN  deprecated eslint@8
[00:54:53.791] [INFO] Installing dependencies...:  WARN  deprecated @tsconfig/node16-strictest-esm@1.0.3: TypeScript 5.0 supports combining TSConfigs using array syntax in extends

[00:54:53.791] [INFO] install-dependencies-spinner: Installing dependencies...: WARN  deprecated @tsconfi
[00:54:53.809] [INFO] Installing dependencies...:  WARN  deprecated expo-cli@6.3.2: The global Expo CLI has been superseded by 'npx expo' and eas-cli –– Learn more: https://blog.expo.dev/the-new-expo-cli-f4250d8e3421

[00:54:53.809] [INFO] install-dependencies-spinner: Installing dependencies...: WARN  deprecated expo-cli
[00:54:54.183] [INFO] Installing dependencies...: Progress: resolved 172, reused 154, downloaded 0, added 0

[00:54:54.183] [INFO] install-dependencies-spinner: Installing dependencies...: Progress: resolved 172, r
[00:54:54.337] [INFO] Installing dependencies...:  WARN  Request took 36742ms: https://registry.npmjs.org/pnpm

[00:54:54.337] [INFO] install-dependencies-spinner: Installing dependencies...: WARN  Request took 36742m
[00:54:54.353] [INFO] Installing dependencies...: 
   ╭─────────────────────────────────────────╮
   │                                         │
   │   Update available! 10.28.0 → 11.3.0.   │
   │   Changelog: https://pnpm.io/v/11.3.0   │
   │    To update, run: pnpm self-update     │
   │                                         │
   ╰─────────────────────────────────────────╯


[00:54:54.353] [INFO] install-dependencies-spinner: Installing dependencies...: ╭────────────────────────
[00:54:55.209] [INFO] Installing dependencies...: Progress: resolved 199, reused 175, downloaded 18, added 0

[00:54:55.209] [INFO] install-dependencies-spinner: Installing dependencies...: Progress: resolved 199, r
[00:54:56.255] [INFO] Installing dependencies...: Progress: resolved 375, reused 331, downloaded 22, added 0

[00:54:56.255] [INFO] install-dependencies-spinner: Installing dependencies...: Progress: resolved 375, r
[00:54:57.285] [INFO] Installing dependencies...: Progress: resolved 883, reused 799, downloaded 22, added 0

[00:54:57.285] [INFO] install-dependencies-spinner: Installing dependencies...: Progress: resolved 883, r
[00:54:58.309] [INFO] Installing dependencies...: Progress: resolved 1575, reused 1431, downloaded 22, added 0

[00:54:58.309] [INFO] install-dependencies-spinner: Installing dependencies...: Progress: resolved 1575, 
[00:54:59.311] [INFO] Installing dependencies...: Progress: resolved 2427, reused 2162, downloaded 24, added 0

[00:54:59.311] [INFO] install-dependencies-spinner: Installing dependencies...: Progress: resolved 2427, 
[00:55:00.317] [INFO] Installing dependencies...: Progress: resolved 3245, reused 2941, downloaded 27, added 0

[00:55:00.317] [INFO] install-dependencies-spinner: Installing dependencies...: Progress: resolved 3245, 
[00:55:01.323] [INFO] Installing dependencies...: Progress: resolved 3609, reused 3336, downloaded 37, added 0

[00:55:01.323] [INFO] install-dependencies-spinner: Installing dependencies...: Progress: resolved 3609, 
[00:55:02.329] [INFO] Installing dependencies...: Progress: resolved 3652, reused 3365, downloaded 40, added 0

[00:55:02.329] [INFO] install-dependencies-spinner: Installing dependencies...: Progress: resolved 3652, 
[00:55:03.341] [INFO] Installing dependencies...: Progress: resolved 3732, reused 3444, downloaded 45, added 0

[00:55:03.341] [INFO] install-dependencies-spinner: Installing dependencies...: Progress: resolved 3732, 
[00:55:04.367] [INFO] Installing dependencies...: Progress: resolved 3830, reused 3471, downloaded 100, added 0

[00:55:04.367] [INFO] install-dependencies-spinner: Installing dependencies...: Progress: resolved 3830, 
[00:55:05.339] [INFO] Installing dependencies...:  WARN  44 deprecated subdependencies found: @babel/plugin-proposal-async-generator-functions@7.20.7, @babel/plugin-proposal-class-properties@7.18.6, @babel/plugin-proposal-nullish-coalescing-operator@7.18.6, @babel/plugin-proposal-numeric-separator@7.18.6, @babel/plugin-proposal-object-rest-spread@7.20.7, @babel/plugin-proposal-optional-catch-binding@7.18.6, @babel/plugin-proposal-optional-chaining@7.21.0, @babel/plugin-proposal-private-methods@7.18.6, @babel/plugin-proposal-private-property-in-object@7.21.11, @humanwhocodes/config-array@0.13.0, @humanwhocodes/object-schema@2.0.3, @npmcli/move-file@1.1.2, @oclif/screen@3.0.8, @renovate/pep440@1.0.0, @types/minimatch@6.0.0, @xmldom/xmldom@0.7.13, abab@2.0.6, domexception@4.0.0, expect-playwright@0.8.0, glob@6.0.4, glob@7.1.6, glob@7.2.3, glob@8.1.0, google-p12-pem@3.1.4, inflight@1.0.6, jest-process-manager@0.4.0, keygrip@1.1.0, lodash.get@4.4.2, metro-react-native-babel-preset@0.76.7, node-domexception@1.0.0, osenv@0.1.5, popper.js@1.16.1, rimraf@2.4.5, rimraf@2.7.1, rimraf@3.0.2, set-value@0.2.0, stable@0.1.8, sudo-prompt@9.1.1, tar@6.1.13, tar@6.2.1, uglify-es@3.3.9, uuid@3.4.0, whatwg-encoding@2.0.0, whatwg-encoding@3.1.1

[00:55:05.339] [INFO] install-dependencies-spinner: Installing dependencies...: WARN  44 deprecated subde
[00:55:05.401] [INFO] Installing dependencies...: Progress: resolved 3830, reused 3471, downloaded 101, added 0

[00:55:05.401] [INFO] install-dependencies-spinner: Installing dependencies...: Progress: resolved 3830, 
[00:55:06.401] [INFO] Installing dependencies...: Progress: resolved 3830, reused 3471, downloaded 103, added 0

[00:55:06.401] [INFO] install-dependencies-spinner: Installing dependencies...: Progress: resolved 3830, 
[00:55:14.226] [INFO] Installing dependencies...: Packages: +265 -213
++++++++++++++++++++++++++++++++++++++++++++------------------------------------

[00:55:14.226] [INFO] install-dependencies-spinner: Installing dependencies...: Packages: +265 -213
+++++
[00:55:14.342] [INFO] Installing dependencies...: Progress: resolved 3830, reused 3471, downloaded 103, added 1

[00:55:14.342] [INFO] install-dependencies-spinner: Installing dependencies...: Progress: resolved 3830, 
[00:55:15.354] [INFO] Installing dependencies...: Progress: resolved 3830, reused 3471, downloaded 103, added 110

[00:55:15.354] [INFO] install-dependencies-spinner: Installing dependencies...: Progress: resolved 3830, 
[00:55:16.361] [INFO] Installing dependencies...: Progress: resolved 3830, reused 3471, downloaded 103, added 150

[00:55:16.361] [INFO] install-dependencies-spinner: Installing dependencies...: Progress: resolved 3830, 
[00:55:17.368] [INFO] Installing dependencies...: Progress: resolved 3830, reused 3471, downloaded 103, added 212

[00:55:17.368] [INFO] install-dependencies-spinner: Installing dependencies...: Progress: resolved 3830, 
[00:55:18.368] [INFO] Installing dependencies...: Progress: resolved 3830, reused 3471, downloaded 103, added 246

[00:55:18.368] [INFO] install-dependencies-spinner: Installing dependencies...: Progress: resolved 3830, 
[00:55:19.379] [INFO] Installing dependencies...: Progress: resolved 3830, reused 3471, downloaded 103, added 262

[00:55:19.379] [INFO] install-dependencies-spinner: Installing dependencies...: Progress: resolved 3830, 
[00:55:19.498] [INFO] Installing dependencies...: Progress: resolved 3830, reused 3471, downloaded 103, added 264, done

[00:55:19.498] [INFO] install-dependencies-spinner: Installing dependencies...: Progress: resolved 3830, 
[00:55:22.651] [INFO] Installing dependencies...:  WARN  Issues with peer dependencies found
.
├─┬ detox 20.43.0
│ └─┬ @wix-pilot/detox 1.0.13
│   └── ✕ unmet peer expect@"29.x.x || 28.x.x || ^27.2.5": found 30.2.0
├─┬ msw 1.3.2
│ └── ✕ unmet peer typescript@">= 4.4.x <= 5.2.x": found 5.9.3
├─┬ react-test-renderer 18.3.1
│ ├── ✕ unmet peer react@^18.3.1: found 19.1.0
│ └─┬ react-shallow-renderer 16.15.0
│   └── ✕ unmet peer react@"^16.0.0 || ^17.0.0 || ^18.0.0": found 19.1.0
├─┬ @storybook/theming 7.6.21
│ ├── ✕ unmet peer react@"^16.8.0 || ^17.0.0 || ^18.0.0": found 19.1.0
│ └── ✕ unmet peer react-dom@"^16.8.0 || ^17.0.0 || ^18.0.0": found 19.1.0
├─┬ @storybook/blocks 7.6.24
│ ├── ✕ unmet peer react@"^16.8.0 || ^17.0.0 || ^18.0.0": found 19.1.0
│ ├── ✕ unmet peer react-dom@"^16.8.0 || ^17.0.0 || ^18.0.0": found 19.1.0
│ └─┬ @storybook/components 7.6.24
│   ├── ✕ unmet peer react@"^16.8.0 || ^17.0.0 || ^18.0.0": found 19.1.0
│   ├── ✕ unmet peer react-dom@"^16.8.0 || ^17.0.0 || ^18.0.0": found 19.1.0
│   ├─┬ @storybook/theming 7.6.24
│   │ ├── ✕ unmet peer react@"^16.8.0 || ^17.0.0 || ^18.0.0": found 19.1.0
│   │ └── ✕ unmet peer react-dom@"^16.8.0 || ^17.0.0 || ^18.0.0": found 19.1.0
│   ├─┬ use-resize-observer 9.1.0
│   │ ├── ✕ unmet peer react@"16.8.0 - 18": found 19.1.0
│   │ └── ✕ unmet peer react-dom@"16.8.0 - 18": found 19.1.0
│   └─┬ @radix-ui/react-select 1.2.2
│     ├── ✕ unmet peer react@"^16.8 || ^17.0 || ^18.0": found 19.1.0
│     ├── ✕ unmet peer react-dom@"^16.8 || ^17.0 || ^18.0": found 19.1.0
│     ├─┬ react-remove-scroll 2.5.5
│     │ ├── ✕ unmet peer react@"^16.8.0 || ^17.0.0 || ^18.0.0": found 19.1.0
│     │ └── ✕ unmet peer @types/react@"^16.8.0 || ^17.0.0 || ^18.0.0": found 19.1.0
│     ├─┬ @radix-ui/react-id 1.0.1
│     │ ├── ✕ unmet peer react@"^16.8 || ^17.0 || ^18.0": found 19.1.0
│     │ └─┬ @radix-ui/react-use-layout-effect 1.0.1
│     │   └── ✕ unmet peer react@"^16.8 || ^17.0 || ^18.0": found 19.1.0
│     ├─┬ @radix-ui/react-slot 1.0.2
│     │ ├── ✕ unmet peer react@"^16.8 || ^17.0 || ^18.0": found 19.1.0
│     │ └─┬ @radix-ui/react-compose-refs 1.0.1
│     │   └── ✕ unmet peer react@"^16.8 || ^17.0 || ^18.0": found 19.1.0
│     ├─┬ @radix-ui/react-collection 1.0.3
│     │ ├── ✕ unmet peer react@"^16.8 || ^17.0 || ^18.0": found 19.1.0
│     │ ├── ✕ unmet peer react-dom@"^16.8 || ^17.0 || ^18.0": found 19.1.0
│     │ ├─┬ @radix-ui/react-context 1.0.1
│     │ │ └── ✕ unmet peer react@"^16.8 || ^17.0 || ^18.0": found 19.1.0
│     │ └─┬ @radix-ui/react-primitive 1.0.3
│     │   ├── ✕ unmet peer react@"^16.8 || ^17.0 || ^18.0": found 19.1.0
│     │   └── ✕ unmet peer react-dom@"^16.8 || ^17.0 || ^18.0": found 19.1.0
│     ├─┬ @radix-ui/react-portal 1.0.3
│     │ ├── ✕ unmet peer react@"^16.8 || ^17.0 || ^18.0": found 19.1.0
│     │ └── ✕ unmet peer react-dom@"^16.8 || ^17.0 || ^18.0": found 19.1.0
│     ├─┬ @radix-ui/react-use-previous 1.0.1
│     │ └── ✕ unmet peer react@"^16.8 || ^17.0 || ^18.0": found 19.1.0
│     ├─┬ @radix-ui/react-focus-scope 1.0.3
│     │ ├── ✕ unmet peer react@"^16.8 || ^17.0 || ^18.0": found 19.1.0
│     │ ├── ✕ unmet peer react-dom@"^16.8 || ^17.0 || ^18.0": found 19.1.0
│     │ └─┬ @radix-ui/react-use-callback-ref 1.0.1
│     │   └── ✕ unmet peer react@"^16.8 || ^17.0 || ^18.0": found 19.1.0
│     ├─┬ @radix-ui/react-focus-guards 1.0.1
│     │ └── ✕ unmet peer react@"^16.8 || ^17.0 || ^18.0": found 19.1.0
│     ├─┬ @radix-ui/react-dismissable-layer 1.0.4
│     │ ├── ✕ unmet peer react@"^16.8 || ^17.0 || ^18.0": found 19.1.0
│     │ ├── ✕ unmet peer react-dom@"^16.8 || ^17.0 || ^18.0": found 19.1.0
│     │ └─┬ @radix-ui/react-use-escape-keydown 1.0.3
│     │   └── ✕ unmet peer react@"^16.8 || ^17.0 || ^18.0": found 19.1.0
│     ├─┬ @radix-ui/react-use-controllable-state 1.0.1
│     │ └── ✕ unmet peer react@"^16.8 || ^17.0 || ^18.0": found 19.1.0
│     ├─┬ @radix-ui/react-direction 1.0.1
│     │ └── ✕ unmet peer react@"^16.8 || ^17.0 || ^18.0": found 19.1.0
│     ├─┬ @radix-ui/react-popper 1.1.2
│     │ ├── ✕ unmet peer react@"^16.8 || ^17.0 || ^18.0": found 19.1.0
│     │ ├── ✕ unmet peer react-dom@"^16.8 || ^17.0 || ^18.0": found 19.1.0
│     │ ├─┬ @radix-ui/react-use-size 1.0.1
│     │ │ └── ✕ unmet peer react@"^16.8 || ^17.0 || ^18.0": found 19.1.0
│     │ ├─┬ @radix-ui/react-use-rect 1.0.1
│     │ │ └── ✕ unmet peer react@"^16.8 || ^17.0 || ^18.0": found 19.1.0
│     │ └─┬ @radix-ui/react-arrow 1.0.3
│     │   ├── ✕ unmet peer react@"^16.8 || ^17.0 || ^18.0": found 19.1.0
│     │   └── ✕ unmet peer react-dom@"^16.8 || ^17.0 || ^18.0": found 19.1.0
│     └─┬ @radix-ui/react-visually-hidden 1.0.3
│       ├── ✕ unmet peer react@"^16.8 || ^17.0 || ^18.0": found 19.1.0
│       └── ✕ unmet peer react-dom@"^16.8 || ^17.0 || ^18.0": found 19.1.0
├─┬ @chromaui/addon-visual-tests 0.0.105
│ ├── ✕ unmet peer react@"^16.8.0 || ^17.0.0 || ^18.0.0": found 19.1.0
│ ├── ✕ unmet peer react-dom@"^16.8.0 || ^17.0.0 || ^18.0.0": found 19.1.0
│ ├── ✕ unmet peer @storybook/manager-api@^7.2.0: found 8.6.14
│ └─┬ @storybook/design-system 7.15.19
│   ├── ✕ unmet peer react@"^15.0.0 || ^16.0.0 || ^17.0.0": found 19.1.0
│   ├── ✕ unmet peer react-dom@"^15.0.0 || ^16.0.0 || ^17.0.0": found 19.1.0
│   └─┬ react-popper-tooltip 2.11.1
│     ├── ✕ unmet peer react@^16.6.0: found 19.1.0
│     ├── ✕ unmet peer react-dom@^16.6.0: found 19.1.0
│     └─┬ react-popper 1.3.11
│       └── ✕ unmet peer react@"0.14.x || ^15.0.0 || ^16.0.0 || ^17.0.0": found 19.1.0
├─┬ @hookform/devtools 4.3.1
│ ├── ✕ unmet peer react@"^16.8.0 || ^17 || ^18": found 19.1.0
│ └── ✕ unmet peer react-dom@"^16.8.0 || ^17 || ^18": found 19.1.0
├─┬ @types/react-datepicker 4.19.6
│ └─┬ react-popper 2.3.0
│   ├── ✕ unmet peer react@"^16.8.0 || ^17 || ^18": found 19.1.0
│   └── ✕ unmet peer react-dom@"^16.8.0 || ^17 || ^18": found 19.1.0
├─┬ storybook-addon-react-router-v6 2.0.10
│ ├── ✕ unmet peer react@"^16.8.0 || ^17.0.0 || ^18.0.0": found 19.1.0
│ ├── ✕ unmet peer react-dom@"^16.8.0 || ^17.0.0 || ^18.0.0": found 19.1.0
│ ├── ✕ unmet peer @storybook/manager-api@^7.0.0: found 8.6.14
│ └─┬ react-inspector 6.0.2
│   └── ✕ unmet peer react@"^16.8.4 || ^17.0.0 || ^18.0.0": found 19.1.0
├─┬ @embeddedchat/react 0.1.12
│ ├── ✕ unmet peer react@">=17.0.2 <19.0.0": found 19.1.0
│ ├── ✕ unmet peer react-dom@">=17.0.2 <19.0.0": found 19.1.0
│ ├─┬ @rocket.chat/fuselage-hooks 0.31.25
│ │ ├── ✕ unmet peer react@^17.0.2: found 19.1.0
│ │ └─┬ use-sync-external-store 1.2.2
│ │   └── ✕ unmet peer react@"^16.8.0 || ^17.0.0 || ^18.0.0": found 19.1.0
│ └─┬ zustand 4.3.8
│   └─┬ use-sync-external-store 1.2.0
│     └── ✕ unmet peer react@"^16.8.0 || ^17.0.0 || ^18.0.0": found 19.1.0
├─┬ html-react-parser 3.0.12
│ └── ✕ unmet peer react@"0.14 || 15 || 16 || 17 || 18": found 19.1.0
├─┬ react-datepicker 4.25.0
│ ├── ✕ unmet peer react@"^16.9.0 || ^17 || ^18": found 19.1.0
│ ├── ✕ unmet peer react-dom@"^16.9.0 || ^17 || ^18": found 19.1.0
│ └─┬ react-onclickoutside 6.13.2
│   ├── ✕ unmet peer react@"^15.5.x || ^16.x || ^17.x || ^18.x": found 19.1.0
│   └── ✕ unmet peer react-dom@"^15.5.x || ^16.x || ^17.x || ^18.x": found 19.1.0
├─┬ react-helmet 6.1.0
│ └─┬ react-side-effect 2.1.2
│   └── ✕ unmet peer react@"^16.3.0 || ^17.0.0 || ^18.0.0": found 19.1.0
├─┬ react-spinners 0.13.4
│ ├── ✕ unmet peer react@"^16.0.0 || ^17.0.0 || ^18.0.0": found 19.1.0
│ └── ✕ unmet peer react-dom@"^16.0.0 || ^17.0.0 || ^18.0.0": found 19.1.0
├─┬ react-use 17.4.0
│ ├── ✕ unmet peer react@"^16.8.0  || ^17.0.0 || ^18.0.0": found 19.1.0
│ └── ✕ unmet peer react-dom@"^16.8.0  || ^17.0.0 || ^18.0.0": found 19.1.0
├─┬ rooks 7.4.1
│ ├── ✕ unmet peer react@"^16.8.0  || ^17.0.0 || ^18.0.0": found 19.1.0
│ └── ✕ unmet peer react-dom@"^16.8.0  || ^17.0.0 || ^18.0.0": found 19.1.0
├─┬ vitest 4.0.0
│ └─┬ @vitest/mocker 4.0.0
│   └── ✕ unmet peer msw@^2.4.9: found 1.3.2
├─┬ @storybook/manager-api 8.6.14
│ └── ✕ unmet peer storybook@"^8.2.0 || ^8.3.0-0 || ^8.4.0-0 || ^8.5.0-0 || ^8.6.0-0": found 10.4.1
├─┬ @storybook/addon-storysource 8.6.14
│ ├── ✕ unmet peer storybook@^8.6.14: found 10.4.1
│ └─┬ @storybook/source-loader 8.6.14
│   └── ✕ unmet peer storybook@^8.6.14: found 10.4.1
├─┬ eslint-plugin-jest 25.7.0
│ └── ✕ unmet peer @typescript-eslint/eslint-plugin@"^4.0.0 || ^5.0.0": found 7.18.0
├─┬ @ns3/nx-playwright 4.2.0
│ └─┬ @ns3/nx-core 4.5.1
│   └─┬ @nx/devkit 16.8.1
│     ├── ✕ unmet peer nx@">= 15 <= 17": found 22.3.3
│     └─┬ @nrwl/devkit 16.8.1
│       └─┬ @nx/devkit 16.8.1
│         ├── ✕ unmet peer nx@">= 15 <= 17": found 22.3.3
│         └─┬ @nrwl/devkit 16.8.1
│           └─┬ @nx/devkit 16.8.1
│             └── ✕ unmet peer nx@">= 15 <= 17": found 22.3.3
├─┬ @nx-tools/container-metadata 5.3.1
│ ├── ✕ unmet peer @nx/devkit@"^16.0.0 || ^17.0.0 || ^18.0.0": found 22.3.3
│ ├── ✕ unmet peer tslib@^2.5.3: found 2.3.0
│ ├─┬ @nx-tools/core 5.3.1
│ │ ├── ✕ unmet peer @nx/devkit@"^16.0.0 || ^17.0.0 || ^18.0.0": found 22.3.3
│ │ └── ✕ unmet peer tslib@^2.5.3: found 2.3.0
│ └─┬ @nx-tools/ci-context 5.3.1
│   └── ✕ unmet peer tslib@^2.5.3: found 2.3.0
├─┬ @nx-tools/nx-container 5.0.2
│ ├── ✕ unmet peer @nx/devkit@^16.0.0: found 22.3.3
│ ├─┬ @nx-tools/core 5.0.2
│ │ └── ✕ unmet peer @nx/devkit@^16.0.0: found 22.3.3
│ └─┬ @nx-tools/ci-context 5.0.2
│   └── ✕ unmet peer @nx/devkit@^16.0.0: found 22.3.3
├─┬ @storybook/addon-coverage 3.0.1
│ └─┬ vite-plugin-istanbul 6.0.2
│   └── ✕ unmet peer vite@">=4 <=6": found 7.3.1
├─┬ vite-plugin-node-polyfills 0.8.2
│ └── ✕ unmet peer vite@"^2.0.0 || ^3.0.0 || ^4.0.0": found 7.3.1
├─┬ jest-expo 54.0.16
│ └─┬ jest-watch-typeahead 2.2.1
│   └── ✕ unmet peer jest@"^27.0.0 || ^28.0.0 || ^29.0.0": found 30.0.5
└─┬ chakra-react-select 5.1.1
  └── ✕ unmet peer @chakra-ui/react@2.x: found 3.31.0

[00:55:22.651] [INFO] install-dependencies-spinner: Installing dependencies...: WARN  Issues with peer de
[00:55:22.652] [INFO] Installing dependencies...: 
dependencies:
+ @chakra-ui/react 3.31.0
+ @embeddedchat/react 0.1.12
+ @emotion/react 11.14.0
+ @expo/metro-config 54.0.9
- @expo/webpack-config
+ @expo/webpack-config 18.0.4
+ @fontsource/inter 4.5.11
- @hookform/error-message
+ @hookform/error-message 2.0.1
- @hookform/resolvers
+ @hookform/resolvers 5.2.2
- @hotjar/browser
+ @hotjar/browser 1.0.9
- @lukemorales/query-key-factory
+ @lukemorales/query-key-factory 1.3.4
- @mdx-js/react
+ @mdx-js/react 3.1.1
- @modelcontextprotocol/sdk
+ @modelcontextprotocol/sdk 1.29.0
+ @nikolovlazar/chakra-ui-prose 1.2.1
+ @react-oauth/google 0.11.1
- @storybook/manager-api 8.6.14
+ @swc/helpers 0.5.17
+ @tanstack/react-query 5.90.19
+ @tanstack/react-table 8.9.0
+ @tsconfig/node16-strictest-esm 1.0.3 deprecated
+ @types/cors 2.8.19
+ @types/debounce-promise 3.1.6
+ @types/react-helmet 6.1.11
+ @vercel/speed-insights 1.3.1
- ai
+ ai 6.0.42
+ axios 1.9.0
- chakra-react-select
+ chakra-react-select 5.1.1 (6.1.3 is available)
+ core-js 3.36.1
+ cors 2.8.5
+ date-fns 3.6.0
+ dayjs 1.11.8
+ debounce-promise 3.1.2
+ dotenv 17.2.3
+ eslint-plugin-mdx 3.6.2
- expo
+ expo 54.0.9
+ expo-splash-screen 31.0.13
+ expo-status-bar 3.0.9
+ express 4.21.2
+ formik 2.2.9
+ fuse.js 6.6.2
+ glob 10.5.0
+ html-react-parser 3.0.12
+ localforage 1.10.0
+ lodash.escape 4.0.1
+ next-themes 0.4.6
+ openapi-backend 5.15.0
+ qs 6.11.0
+ react 19.1.0
+ react-datepicker 4.25.0
+ react-dom 19.1.0
+ react-easy-crop 5.5.6
+ react-error-boundary 4.0.4
+ react-ga4 2.1.0
+ react-google-drive-picker 1.2.2
+ react-helmet 6.1.0
- react-hook-form
+ react-hook-form 7.71.1
- react-icons
+ react-icons 5.6.0
+ react-lorem-ipsum 1.4.10
+ react-native 0.81.5
+ react-native-svg 15.12.1
+ react-native-svg-transformer 1.5.2
+ react-native-web 0.21.2
+ react-router-dom 6.11.2
+ react-spinners 0.13.4
+ react-use 17.4.0
+ rooks 7.4.1
+ snippet 0.1.0
+ tslib 2.3.0
+ tsx 4.21.0
+ use-count-up 3.0.1
+ yup 1.7.1
- zod
+ zod 4.3.5 (4.4.3 is available)
- zustand
+ zustand 5.0.10

devDependencies:
+ @babel/core 7.22.5
+ @babel/preset-react 7.22.5
+ @babel/preset-typescript 7.22.5
+ @chakra-ui/cli 3.31.0
- @chromatic-com/storybook
+ @chromatic-com/storybook 5.2.1
- @chromaui/addon-visual-tests
+ @chromaui/addon-visual-tests 0.0.105 deprecated
+ @emotion/babel-plugin 11.13.5
+ @expo/cli 54.0.21
+ @expo/metro-runtime 6.1.2
+ @faker-js/faker 8.4.1
+ @hookform/devtools 4.3.1
- @ns3/nx-playwright
+ @ns3/nx-playwright 4.2.0
- @nx-tools/container-metadata
+ @nx-tools/container-metadata 5.3.1
- @nx-tools/nx-container
+ @nx-tools/nx-container 5.0.2
- @nx/cypress
+ @nx/cypress 22.3.3
- @nx/detox
+ @nx/detox 22.3.3
- @nx/devkit
+ @nx/devkit 22.3.3
- @nx/esbuild
+ @nx/esbuild 22.3.3
- @nx/eslint
+ @nx/eslint 22.3.3
- @nx/eslint-plugin
+ @nx/eslint-plugin 22.3.3
- @nx/expo
+ @nx/expo 22.3.3
- @nx/express
+ @nx/express 22.3.3
- @nx/jest
+ @nx/jest 22.3.3
- @nx/js
+ @nx/js 22.3.3
- @nx/node
+ @nx/node 22.3.3
- @nx/playwright
+ @nx/playwright 22.3.3
- @nx/react
+ @nx/react 22.3.3
- @nx/rollup
+ @nx/rollup 22.3.3
- @nx/storybook
+ @nx/storybook 22.3.3
- @nx/vite
+ @nx/vite 22.3.3
- @nx/web
+ @nx/web 22.3.3
- @nx/webpack
+ @nx/webpack 22.3.3
- @nx/workspace
+ @nx/workspace 22.3.3
- @nxrocks/nx-spring-boot
+ @nxrocks/nx-spring-boot 11.0.1
- @parcel/watcher
+ @parcel/watcher 2.5.4 (2.5.6 is available)
+ @playwright/test 1.57.0 (1.60.0 is available)
+ @rollup/plugin-url 8.0.2
- @storybook/addon-a11y
+ @storybook/addon-a11y 10.4.1
- @storybook/addon-coverage
+ @storybook/addon-coverage 3.0.1
- @storybook/addon-designs
+ @storybook/addon-designs 11.1.3
- @storybook/addon-docs
+ @storybook/addon-docs 10.4.1
- @storybook/addon-links
+ @storybook/addon-links 10.4.1
- @storybook/addon-storysource
+ @storybook/addon-storysource 8.6.14
- @storybook/addon-themes
+ @storybook/addon-themes 10.4.1
- @storybook/react-vite
+ @storybook/react-vite 10.4.1
- @storybook/react-webpack5
+ @storybook/react-webpack5 10.4.1
- @storybook/test 8.6.15
- @storybook/test-runner
+ @storybook/test-runner 0.24.4
+ @svgr/rollup 8.1.0
- @svgr/webpack
+ @svgr/webpack 8.1.0
- @swc-node/register
+ @swc-node/register 1.11.1
- @swc/cli
+ @swc/cli 0.7.10 (0.8.1 is available)
- @swc/core
+ @swc/core 1.15.10 (1.15.33 is available)
- @swc/jest
+ @swc/jest 0.2.39
+ @tanstack/eslint-plugin-query 5.91.3
+ @tanstack/react-query-devtools 5.91.2
+ @testing-library/jest-dom 6.9.1
+ @testing-library/jest-native 5.4.3 deprecated
- @testing-library/react
+ @testing-library/react 16.3.2
- @testing-library/react-native
+ @testing-library/react-native 13.3.3
- @testing-library/user-event
+ @testing-library/user-event 14.6.1
- @types/express
+ @types/express 5.0.6
- @types/google-one-tap
+ @types/google-one-tap 1.2.7
- @types/google-spreadsheet
+ @types/google-spreadsheet 4.0.0 deprecated
+ @types/jest 30.0.0
+ @types/jest-axe 3.5.4
+ @types/node 20.19.9
+ @types/react 19.1.0
+ @types/react-datepicker 4.19.6
+ @types/react-dom 18.3.0
+ @types/react-router-dom 5.3.3
+ @types/styled-system 5.1.15
+ @typescript-eslint/eslint-plugin 7.18.0
+ @typescript-eslint/parser 7.18.0
+ @vitejs/plugin-react 4.7.0
+ @vitest/ui 4.0.0
+ babel-jest 30.0.5
- babel-loader
+ babel-loader 8.1.0
+ babel-plugin-transform-vite-meta-env 1.0.3
+ babel-preset-expo 54.0.9
+ chromatic 7.6.0
- css-loader
+ css-loader 6.4.0
+ cypress 15.8.0
- detox
+ detox 20.43.0
+ eas-cli 5.2.0
+ esbuild 0.19.12
+ eslint 8.57.1 deprecated
+ eslint-config-prettier 10.1.8
- eslint-config-react-app
+ eslint-config-react-app 7.0.1
+ eslint-import-resolver-typescript 3.4.0
+ eslint-plugin-cypress 2.15.1
+ eslint-plugin-import 2.31.0
+ eslint-plugin-jsx-a11y 6.10.1
- eslint-plugin-playwright
+ eslint-plugin-playwright 0.15.3
+ eslint-plugin-react 7.32.2
+ eslint-plugin-react-hooks 5.0.0
+ eslint-plugin-simple-import-sort 7.0.0
- eslint-plugin-storybook
+ eslint-plugin-storybook 10.4.1
+ eslint-plugin-unicorn 43.0.2
- expo-cli
+ expo-cli 6.3.2 deprecated
+ google-spreadsheet 3.3.0
- jest
+ jest 30.0.5
+ jest-axe 6.0.0
+ jest-environment-jsdom 30.0.5
+ jest-environment-node 29.7.0
- jest-expo
+ jest-expo 54.0.16
+ jest-util 30.0.5
+ jsdom 22.1.0
+ lint-staged 13.0.3
+ metro 0.76.7
+ metro-resolver 0.83.3
+ msw 1.3.2
+ msw-storybook-addon 1.10.0
- nx
+ nx 22.3.3
+ nx-cloud 19.1.0
+ openapi-typescript 6.1.0
+ playwright 1.57.0
+ prettier 2.6.2
+ prop-types 15.8.1
+ react-test-renderer 18.3.1
- storybook
+ storybook 10.4.1
- storybook-addon-react-router-v6
+ storybook-addon-react-router-v6 2.0.10
- style-loader
+ style-loader 3.3.0
- ts-jest
+ ts-jest 29.4.5
- ts-node
+ ts-node 10.9.1
+ typescript 5.9.3
+ vite 7.3.1
+ vite-plugin-dts 4.5.4
+ vite-plugin-node-polyfills 0.8.2
+ vite-tsconfig-paths 4.3.2
+ vitest 4.0.0
- webpack
+ webpack 5.101.3


[00:55:22.652] [INFO] install-dependencies-spinner: Installing dependencies...: dependencies:
+ @chakra-u
[00:55:22.654] [INFO] Installing dependencies...: ╭ Warning ─────────────────────────────────────────────────────────────────────╮
│                                                                              │
│   Ignored build scripts: @parcel/watcher@2.5.4, @swc/core@1.15.10,           │
│   core-js-pure@3.47.0, core-js@3.36.1, cypress@15.8.0, detox@20.43.0,        │
│   dtrace-provider@0.8.8, esbuild@0.18.20, esbuild@0.19.12,                   │
│   esbuild@0.25.12, esbuild@0.27.2, less@4.5.1, msw@1.3.2, nx@22.3.3,         │
│   unrs-resolver@1.11.1.                                                      │
│   Run "pnpm approve-builds" to pick which dependencies should be allowed     │
│   to run scripts.                                                            │
│                                                                              │
╰──────────────────────────────────────────────────────────────────────────────╯

[00:55:22.654] [INFO] install-dependencies-spinner: Installing dependencies...: ╭ Warning ───────────────
[00:55:22.673] [INFO] Installing dependencies...: Done in 1m 5.1s using pnpm v10.28.0

[00:55:22.673] [INFO] install-dependencies-spinner: Installing dependencies...: Done in 1m 5.1s using pnp
[00:55:22.771] [INFO] Dependencies installed
[00:55:22.771] [INFO] install-dependencies-spinner-stop: Dependencies installed
[00:55:22.772] [WARN] Since you are in a monorepo, we advise you to deduplicate your dependencies. We can do this for you but it might take some time.
[00:56:02.781] [PROMPT] Execute pnpm run dedupe? {"choice":true}
[00:56:02.781] [INFO] Deduplicating dependencies...
[00:56:02.781] [INFO] Deduplicating dependencies...
[00:56:02.781] [DEBUG] Executing command: pnpm dedupe
[00:56:03.595] [INFO] Progress: resolved 1, reused 0, downloaded 0, added 0
[00:56:03.595] [INFO] Progress: resolved 1, reused 0, downloaded 0, added 0
[00:56:03.646] [INFO] WARN  deprecated @types/google-spreadsheet@4.0.0: This is a stub types definition. google-spreadsheet provides its own type definitions, so you do not need this installed.
[00:56:03.646] [INFO] WARN  deprecated @types/google-spreadsheet@4.0.0: This is a stub types definition. google-spreadsheet provides its own type definitions, so you do not need this installed.
[00:56:03.657] [INFO] WARN  deprecated @testing-library/jest-native@5.4.3: DEPRECATED: This package is no longer maintained.
Please use the built-in Jest matchers available in @testing-library/react-native v12.4+.

See migration guide: https://callstack.github.io/react-native-testing-library/docs/migration/jest-matchers
[00:56:03.657] [INFO] WARN  deprecated @testing-library/jest-native@5.4.3: DEPRECATED: This package is no longer maintained.
Please use the built-in Jest matchers available in @testing-library/react-native v12.4+.

See migration guide: https://callstack.github.io/react-native-testing-library/docs/migration/jest-matchers
[00:56:04.156] [INFO] WARN  deprecated eslint@8.57.1: This version is no longer supported. Please see https://eslint.org/version-support for other options.
[00:56:04.156] [INFO] WARN  deprecated eslint@8.57.1: This version is no longer supported. Please see https://eslint.org/version-support for other options.
[00:56:04.351] [INFO] WARN  deprecated expo-cli@6.3.2: The global Expo CLI has been superseded by 'npx expo' and eas-cli –– Learn more: https://blog.expo.dev/the-new-expo-cli-f4250d8e3421
[00:56:04.351] [INFO] WARN  deprecated expo-cli@6.3.2: The global Expo CLI has been superseded by 'npx expo' and eas-cli –– Learn more: https://blog.expo.dev/the-new-expo-cli-f4250d8e3421
[00:56:04.628] [INFO] Progress: resolved 123, reused 114, downloaded 0, added 0
[00:56:04.628] [INFO] Progress: resolved 123, reused 114, downloaded 0, added 0
[00:56:04.983] [INFO] WARN  deprecated @tsconfig/node16-strictest-esm@1.0.3: TypeScript 5.0 supports combining TSConfigs using array syntax in extends
[00:56:04.983] [INFO] WARN  deprecated @tsconfig/node16-strictest-esm@1.0.3: TypeScript 5.0 supports combining TSConfigs using array syntax in extends
[00:56:05.197] [INFO] WARN  deprecated glob@10.5.0: Old versions of glob are not supported, and contain widely publicized security vulnerabilities, which have been fixed in the current version. Please update. Support for old versions may be purchased (at exorbitant rates) by contacting i@izs.me
[00:56:05.197] [INFO] WARN  deprecated glob@10.5.0: Old versions of glob are not supported, and contain widely publicized security vulnerabilities, which have been fixed in the current version. Please update. Support for old versions may be purchased (at exorbitant rates) by contacting i@izs.me
[00:56:05.475] [INFO] WARN  deprecated @chromaui/addon-visual-tests@0.0.105: This package has been renamed @chromatic-com/storybook
[00:56:05.475] [INFO] WARN  deprecated @chromaui/addon-visual-tests@0.0.105: This package has been renamed @chromatic-com/storybook
[00:56:05.708] [INFO] Progress: resolved 199, reused 193, downloaded 0, added 0
[00:56:05.708] [INFO] Progress: resolved 199, reused 193, downloaded 0, added 0
[00:56:06.709] [INFO] Progress: resolved 330, reused 328, downloaded 0, added 0
[00:56:06.709] [INFO] Progress: resolved 330, reused 328, downloaded 0, added 0
[00:56:07.722] [INFO] Progress: resolved 458, reused 441, downloaded 0, added 0
[00:56:07.722] [INFO] Progress: resolved 458, reused 441, downloaded 0, added 0
[00:56:08.775] [INFO] Progress: resolved 580, reused 555, downloaded 0, added 0
[00:56:08.775] [INFO] Progress: resolved 580, reused 555, downloaded 0, added 0
[00:56:09.804] [INFO] Progress: resolved 938, reused 891, downloaded 0, added 0
[00:56:09.804] [INFO] Progress: resolved 938, reused 891, downloaded 0, added 0
[00:56:10.809] [INFO] Progress: resolved 1193, reused 1130, downloaded 0, added 0
[00:56:10.809] [INFO] Progress: resolved 1193, reused 1130, downloaded 0, added 0
[00:56:11.812] [INFO] Progress: resolved 1448, reused 1389, downloaded 0, added 0
[00:56:11.812] [INFO] Progress: resolved 1448, reused 1389, downloaded 0, added 0
[00:56:12.819] [INFO] Progress: resolved 1624, reused 1547, downloaded 0, added 0
[00:56:12.819] [INFO] Progress: resolved 1624, reused 1547, downloaded 0, added 0
[00:56:13.871] [INFO] Progress: resolved 1867, reused 1785, downloaded 0, added 0
[00:56:13.871] [INFO] Progress: resolved 1867, reused 1785, downloaded 0, added 0
[00:56:14.888] [INFO] Progress: resolved 2226, reused 2068, downloaded 0, added 0
[00:56:14.888] [INFO] Progress: resolved 2226, reused 2068, downloaded 0, added 0
[00:56:15.904] [INFO] Progress: resolved 2519, reused 2346, downloaded 0, added 0
[00:56:15.904] [INFO] Progress: resolved 2519, reused 2346, downloaded 0, added 0
[00:56:16.909] [INFO] Progress: resolved 2876, reused 2638, downloaded 0, added 0
[00:56:16.909] [INFO] Progress: resolved 2876, reused 2638, downloaded 0, added 0
[00:56:17.915] [INFO] Progress: resolved 3051, reused 2825, downloaded 0, added 0
[00:56:17.915] [INFO] Progress: resolved 3051, reused 2825, downloaded 0, added 0
[00:56:18.749] [INFO] WARN  Request took 11015ms: https://registry.npmjs.org/playwright-core
[00:56:18.749] [INFO] WARN  Request took 11015ms: https://registry.npmjs.org/playwright-core
[00:56:18.926] [INFO] Progress: resolved 3094, reused 2863, downloaded 0, added 0
[00:56:18.926] [INFO] Progress: resolved 3094, reused 2863, downloaded 0, added 0
[00:56:19.932] [INFO] Progress: resolved 3340, reused 3112, downloaded 0, added 0
[00:56:19.932] [INFO] Progress: resolved 3340, reused 3112, downloaded 0, added 0
[00:56:20.942] [INFO] Progress: resolved 3626, reused 3388, downloaded 0, added 0
[00:56:20.942] [INFO] Progress: resolved 3626, reused 3388, downloaded 0, added 0
[00:56:21.123] [INFO] WARN  Request took 11956ms: https://registry.npmjs.org/@typescript-eslint%2Feslint-plugin
[00:56:21.123] [INFO] WARN  Request took 11956ms: https://registry.npmjs.org/@typescript-eslint%2Feslint-plugin
[00:56:21.989] [INFO] Progress: resolved 3689, reused 3453, downloaded 0, added 0
[00:56:21.989] [INFO] Progress: resolved 3689, reused 3453, downloaded 0, added 0
[00:56:23.538] [INFO] WARN  50 deprecated subdependencies found: @babel/plugin-proposal-async-generator-functions@7.20.7, @babel/plugin-proposal-class-properties@7.18.6, @babel/plugin-proposal-nullish-coalescing-operator@7.18.6, @babel/plugin-proposal-numeric-separator@7.18.6, @babel/plugin-proposal-object-rest-spread@7.20.7, @babel/plugin-proposal-optional-catch-binding@7.18.6, @babel/plugin-proposal-optional-chaining@7.21.0, @babel/plugin-proposal-private-methods@7.18.6, @babel/plugin-proposal-private-property-in-object@7.21.11, @humanwhocodes/config-array@0.13.0, @humanwhocodes/object-schema@2.0.3, @npmcli/move-file@1.1.2, @oclif/screen@3.0.8, @renovate/pep440@1.0.0, @types/minimatch@6.0.0, @ungap/structured-clone@1.3.0, @xmldom/xmldom@0.7.13, @xmldom/xmldom@0.8.11, abab@2.0.6, domexception@4.0.0, expect-playwright@0.8.0, glob@6.0.4, glob@7.1.6, glob@7.2.3, glob@8.1.0, google-p12-pem@3.1.4, inflight@1.0.6, jest-process-manager@0.4.0, lodash.get@4.4.2, metro-react-native-babel-preset@0.76.7, node-domexception@1.0.0, osenv@0.1.5, popper.js@1.16.1, rimraf@2.4.5, rimraf@2.7.1, rimraf@3.0.2, set-value@0.2.0, stable@0.1.8, sudo-prompt@9.1.1, tar@6.1.13, tar@6.2.1, tar@7.5.4, uglify-es@3.3.9, uuid@3.4.0, uuid@7.0.3, uuid@8.3.2, uuid@9.0.0, uuid@9.0.1, whatwg-encoding@2.0.0, whatwg-encoding@3.1.1
[00:56:23.538] [INFO] WARN  50 deprecated subdependencies found: @babel/plugin-proposal-async-generator-functions@7.20.7, @babel/plugin-proposal-class-properties@7.18.6, @babel/plugin-proposal-nullish-coalescing-operator@7.18.6, @babel/plugin-proposal-numeric-separator@7.18.6, @babel/plugin-proposal-object-rest-spread@7.20.7, @babel/plugin-proposal-optional-catch-binding@7.18.6, @babel/plugin-proposal-optional-chaining@7.21.0, @babel/plugin-proposal-private-methods@7.18.6, @babel/plugin-proposal-private-property-in-object@7.21.11, @humanwhocodes/config-array@0.13.0, @humanwhocodes/object-schema@2.0.3, @npmcli/move-file@1.1.2, @oclif/screen@3.0.8, @renovate/pep440@1.0.0, @types/minimatch@6.0.0, @ungap/structured-clone@1.3.0, @xmldom/xmldom@0.7.13, @xmldom/xmldom@0.8.11, abab@2.0.6, domexception@4.0.0, expect-playwright@0.8.0, glob@6.0.4, glob@7.1.6, glob@7.2.3, glob@8.1.0, google-p12-pem@3.1.4, inflight@1.0.6, jest-process-manager@0.4.0, lodash.get@4.4.2, metro-react-native-babel-preset@0.76.7, node-domexception@1.0.0, osenv@0.1.5, popper.js@1.16.1, rimraf@2.4.5, rimraf@2.7.1, rimraf@3.0.2, set-value@0.2.0, stable@0.1.8, sudo-prompt@9.1.1, tar@6.1.13, tar@6.2.1, tar@7.5.4, uglify-es@3.3.9, uuid@3.4.0, uuid@7.0.3, uuid@8.3.2, uuid@9.0.0, uuid@9.0.1, whatwg-encoding@2.0.0, whatwg-encoding@3.1.1
[00:56:23.594] [INFO] Progress: resolved 3818, reused 3562, downloaded 0, added 0
[00:56:23.594] [INFO] Progress: resolved 3818, reused 3562, downloaded 0, added 0
[00:56:23.656] [INFO] Packages: -68
--------------------------------------------------------------------
[00:56:23.656] [INFO] Packages: -68
--------------------------------------------------------------------
[00:56:24.595] [INFO] Progress: resolved 3818, reused 3562, downloaded 0, added 29
[00:56:24.595] [INFO] Progress: resolved 3818, reused 3562, downloaded 0, added 29
[00:56:25.608] [INFO] Progress: resolved 3818, reused 3562, downloaded 0, added 58
[00:56:25.608] [INFO] Progress: resolved 3818, reused 3562, downloaded 0, added 58
[00:56:25.753] [INFO] Progress: resolved 3818, reused 3562, downloaded 0, added 59, done
[00:56:25.753] [INFO] Progress: resolved 3818, reused 3562, downloaded 0, added 59, done
[00:56:28.564] [INFO] WARN  Issues with peer dependencies found
.
├─┬ detox 20.43.0
│ └─┬ @wix-pilot/detox 1.0.13
│   └── ✕ unmet peer expect@"29.x.x || 28.x.x || ^27.2.5": found 30.2.0
├─┬ msw 1.3.2
│ └── ✕ unmet peer typescript@">= 4.4.x <= 5.2.x": found 5.9.3
├─┬ react-test-renderer 18.3.1
│ ├── ✕ unmet peer react@^18.3.1: found 19.1.0
│ └─┬ react-shallow-renderer 16.15.0
│   └── ✕ unmet peer react@"^16.0.0 || ^17.0.0 || ^18.0.0": found 19.1.0
├─┬ @storybook/theming 7.6.24
│ ├── ✕ unmet peer react@"^16.8.0 || ^17.0.0 || ^18.0.0": found 19.1.0
│ └── ✕ unmet peer react-dom@"^16.8.0 || ^17.0.0 || ^18.0.0": found 19.1.0
├─┬ @storybook/blocks 7.6.24
│ ├── ✕ unmet peer react@"^16.8.0 || ^17.0.0 || ^18.0.0": found 19.1.0
│ ├── ✕ unmet peer react-dom@"^16.8.0 || ^17.0.0 || ^18.0.0": found 19.1.0
│ └─┬ @storybook/components 7.6.24
│   ├── ✕ unmet peer react@"^16.8.0 || ^17.0.0 || ^18.0.0": found 19.1.0
│   ├── ✕ unmet peer react-dom@"^16.8.0 || ^17.0.0 || ^18.0.0": found 19.1.0
│   ├─┬ use-resize-observer 9.1.0
│   │ ├── ✕ unmet peer react@"16.8.0 - 18": found 19.1.0
│   │ └── ✕ unmet peer react-dom@"16.8.0 - 18": found 19.1.0
│   └─┬ @radix-ui/react-select 1.2.2
│     ├── ✕ unmet peer react@"^16.8 || ^17.0 || ^18.0": found 19.1.0
│     ├── ✕ unmet peer react-dom@"^16.8 || ^17.0 || ^18.0": found 19.1.0
│     ├─┬ react-remove-scroll 2.5.5
│     │ ├── ✕ unmet peer react@"^16.8.0 || ^17.0.0 || ^18.0.0": found 19.1.0
│     │ └── ✕ unmet peer @types/react@"^16.8.0 || ^17.0.0 || ^18.0.0": found 19.1.0
│     ├─┬ @radix-ui/react-id 1.0.1
│     │ ├── ✕ unmet peer react@"^16.8 || ^17.0 || ^18.0": found 19.1.0
│     │ └─┬ @radix-ui/react-use-layout-effect 1.0.1
│     │   └── ✕ unmet peer react@"^16.8 || ^17.0 || ^18.0": found 19.1.0
│     ├─┬ @radix-ui/react-slot 1.0.2
│     │ ├── ✕ unmet peer react@"^16.8 || ^17.0 || ^18.0": found 19.1.0
│     │ └─┬ @radix-ui/react-compose-refs 1.0.1
│     │   └── ✕ unmet peer react@"^16.8 || ^17.0 || ^18.0": found 19.1.0
│     ├─┬ @radix-ui/react-popper 1.1.2
│     │ ├── ✕ unmet peer react@"^16.8 || ^17.0 || ^18.0": found 19.1.0
│     │ ├── ✕ unmet peer react-dom@"^16.8 || ^17.0 || ^18.0": found 19.1.0
│     │ ├─┬ @radix-ui/react-use-size 1.0.1
│     │ │ └── ✕ unmet peer react@"^16.8 || ^17.0 || ^18.0": found 19.1.0
│     │ ├─┬ @radix-ui/react-arrow 1.0.3
│     │ │ ├── ✕ unmet peer react@"^16.8 || ^17.0 || ^18.0": found 19.1.0
│     │ │ ├── ✕ unmet peer react-dom@"^16.8 || ^17.0 || ^18.0": found 19.1.0
│     │ │ └─┬ @radix-ui/react-primitive 1.0.3
│     │ │   ├── ✕ unmet peer react@"^16.8 || ^17.0 || ^18.0": found 19.1.0
│     │ │   └── ✕ unmet peer react-dom@"^16.8 || ^17.0 || ^18.0": found 19.1.0
│     │ ├─┬ @radix-ui/react-use-callback-ref 1.0.1
│     │ │ └── ✕ unmet peer react@"^16.8 || ^17.0 || ^18.0": found 19.1.0
│     │ ├─┬ @radix-ui/react-use-rect 1.0.1
│     │ │ └── ✕ unmet peer react@"^16.8 || ^17.0 || ^18.0": found 19.1.0
│     │ └─┬ @radix-ui/react-context 1.0.1
│     │   └── ✕ unmet peer react@"^16.8 || ^17.0 || ^18.0": found 19.1.0
│     ├─┬ @radix-ui/react-portal 1.0.3
│     │ ├── ✕ unmet peer react@"^16.8 || ^17.0 || ^18.0": found 19.1.0
│     │ └── ✕ unmet peer react-dom@"^16.8 || ^17.0 || ^18.0": found 19.1.0
│     ├─┬ @radix-ui/react-collection 1.0.3
│     │ ├── ✕ unmet peer react@"^16.8 || ^17.0 || ^18.0": found 19.1.0
│     │ └── ✕ unmet peer react-dom@"^16.8 || ^17.0 || ^18.0": found 19.1.0
│     ├─┬ @radix-ui/react-use-previous 1.0.1
│     │ └── ✕ unmet peer react@"^16.8 || ^17.0 || ^18.0": found 19.1.0
│     ├─┬ @radix-ui/react-focus-scope 1.0.3
│     │ ├── ✕ unmet peer react@"^16.8 || ^17.0 || ^18.0": found 19.1.0
│     │ └── ✕ unmet peer react-dom@"^16.8 || ^17.0 || ^18.0": found 19.1.0
│     ├─┬ @radix-ui/react-visually-hidden 1.0.3
│     │ ├── ✕ unmet peer react@"^16.8 || ^17.0 || ^18.0": found 19.1.0
│     │ └── ✕ unmet peer react-dom@"^16.8 || ^17.0 || ^18.0": found 19.1.0
│     ├─┬ @radix-ui/react-focus-guards 1.0.1
│     │ └── ✕ unmet peer react@"^16.8 || ^17.0 || ^18.0": found 19.1.0
│     ├─┬ @radix-ui/react-use-controllable-state 1.0.1
│     │ └── ✕ unmet peer react@"^16.8 || ^17.0 || ^18.0": found 19.1.0
│     ├─┬ @radix-ui/react-dismissable-layer 1.0.4
│     │ ├── ✕ unmet peer react@"^16.8 || ^17.0 || ^18.0": found 19.1.0
│     │ ├── ✕ unmet peer react-dom@"^16.8 || ^17.0 || ^18.0": found 19.1.0
│     │ └─┬ @radix-ui/react-use-escape-keydown 1.0.3
│     │   └── ✕ unmet peer react@"^16.8 || ^17.0 || ^18.0": found 19.1.0
│     └─┬ @radix-ui/react-direction 1.0.1
│       └── ✕ unmet peer react@"^16.8 || ^17.0 || ^18.0": found 19.1.0
├─┬ @chromaui/addon-visual-tests 0.0.105
│ ├── ✕ unmet peer react@"^16.8.0 || ^17.0.0 || ^18.0.0": found 19.1.0
│ ├── ✕ unmet peer react-dom@"^16.8.0 || ^17.0.0 || ^18.0.0": found 19.1.0
│ ├── ✕ unmet peer @storybook/manager-api@^7.2.0: found 8.6.14
│ └─┬ @storybook/design-system 7.15.19
│   ├── ✕ unmet peer react@"^15.0.0 || ^16.0.0 || ^17.0.0": found 19.1.0
│   ├── ✕ unmet peer react-dom@"^15.0.0 || ^16.0.0 || ^17.0.0": found 19.1.0
│   └─┬ react-popper-tooltip 2.11.1
│     ├── ✕ unmet peer react@^16.6.0: found 19.1.0
│     ├── ✕ unmet peer react-dom@^16.6.0: found 19.1.0
│     └─┬ react-popper 1.3.11
│       └── ✕ unmet peer react@"0.14.x || ^15.0.0 || ^16.0.0 || ^17.0.0": found 19.1.0
├─┬ @hookform/devtools 4.3.1
│ ├── ✕ unmet peer react@"^16.8.0 || ^17 || ^18": found 19.1.0
│ └── ✕ unmet peer react-dom@"^16.8.0 || ^17 || ^18": found 19.1.0
├─┬ @types/react-datepicker 4.19.6
│ └─┬ react-popper 2.3.0
│   ├── ✕ unmet peer react@"^16.8.0 || ^17 || ^18": found 19.1.0
│   └── ✕ unmet peer react-dom@"^16.8.0 || ^17 || ^18": found 19.1.0
├─┬ storybook-addon-react-router-v6 2.0.10
│ ├── ✕ unmet peer react@"^16.8.0 || ^17.0.0 || ^18.0.0": found 19.1.0
│ ├── ✕ unmet peer react-dom@"^16.8.0 || ^17.0.0 || ^18.0.0": found 19.1.0
│ ├── ✕ unmet peer @storybook/manager-api@^7.0.0: found 8.6.14
│ └─┬ react-inspector 6.0.2
│   └── ✕ unmet peer react@"^16.8.4 || ^17.0.0 || ^18.0.0": found 19.1.0
├─┬ @embeddedchat/react 0.1.12
│ ├── ✕ unmet peer react@">=17.0.2 <19.0.0": found 19.1.0
│ ├── ✕ unmet peer react-dom@">=17.0.2 <19.0.0": found 19.1.0
│ ├─┬ zustand 4.3.8
│ │ └─┬ use-sync-external-store 1.2.0
│ │   └── ✕ unmet peer react@"^16.8.0 || ^17.0.0 || ^18.0.0": found 19.1.0
│ └─┬ @rocket.chat/fuselage-hooks 0.31.25
│   ├── ✕ unmet peer react@^17.0.2: found 19.1.0
│   └─┬ use-sync-external-store 1.2.2
│     └── ✕ unmet peer react@"^16.8.0 || ^17.0.0 || ^18.0.0": found 19.1.0
├─┬ html-react-parser 3.0.12
│ └── ✕ unmet peer react@"0.14 || 15 || 16 || 17 || 18": found 19.1.0
├─┬ react-datepicker 4.25.0
│ ├── ✕ unmet peer react@"^16.9.0 || ^17 || ^18": found 19.1.0
│ ├── ✕ unmet peer react-dom@"^16.9.0 || ^17 || ^18": found 19.1.0
│ └─┬ react-onclickoutside 6.13.2
│   ├── ✕ unmet peer react@"^15.5.x || ^16.x || ^17.x || ^18.x": found 19.1.0
│   └── ✕ unmet peer react-dom@"^15.5.x || ^16.x || ^17.x || ^18.x": found 19.1.0
├─┬ react-helmet 6.1.0
│ └─┬ react-side-effect 2.1.2
│   └── ✕ unmet peer react@"^16.3.0 || ^17.0.0 || ^18.0.0": found 19.1.0
├─┬ react-spinners 0.13.4
│ ├── ✕ unmet peer react@"^16.0.0 || ^17.0.0 || ^18.0.0": found 19.1.0
│ └── ✕ unmet peer react-dom@"^16.0.0 || ^17.0.0 || ^18.0.0": found 19.1.0
├─┬ react-use 17.4.0
│ ├── ✕ unmet peer react@"^16.8.0  || ^17.0.0 || ^18.0.0": found 19.1.0
│ └── ✕ unmet peer react-dom@"^16.8.0  || ^17.0.0 || ^18.0.0": found 19.1.0
├─┬ rooks 7.4.1
│ ├── ✕ unmet peer react@"^16.8.0  || ^17.0.0 || ^18.0.0": found 19.1.0
│ └── ✕ unmet peer react-dom@"^16.8.0  || ^17.0.0 || ^18.0.0": found 19.1.0
├─┬ vitest 4.0.0
│ └─┬ @vitest/mocker 4.0.0
│   └── ✕ unmet peer msw@^2.4.9: found 1.3.2
├─┬ @storybook/manager-api 8.6.14
│ └── ✕ unmet peer storybook@"^8.2.0 || ^8.3.0-0 || ^8.4.0-0 || ^8.5.0-0 || ^8.6.0-0": found 10.4.1
├─┬ @storybook/addon-storysource 8.6.14
│ ├── ✕ unmet peer storybook@^8.6.14: found 10.4.1
│ └─┬ @storybook/source-loader 8.6.14
│   └── ✕ unmet peer storybook@^8.6.14: found 10.4.1
├─┬ eslint-plugin-jest 25.7.0
│ └── ✕ unmet peer @typescript-eslint/eslint-plugin@"^4.0.0 || ^5.0.0": found 7.18.0
├─┬ @ns3/nx-playwright 4.2.0
│ └─┬ @ns3/nx-core 4.5.1
│   └─┬ @nx/devkit 16.8.1
│     ├── ✕ unmet peer nx@">= 15 <= 17": found 22.3.3
│     └─┬ @nrwl/devkit 16.8.1
│       └─┬ @nx/devkit 16.8.1
│         ├── ✕ unmet peer nx@">= 15 <= 17": found 22.3.3
│         └─┬ @nrwl/devkit 16.8.1
│           └─┬ @nx/devkit 16.8.1
│             └── ✕ unmet peer nx@">= 15 <= 17": found 22.3.3
├─┬ @nx-tools/container-metadata 5.3.1
│ ├── ✕ unmet peer tslib@^2.5.3: found 2.3.0
│ ├── ✕ unmet peer @nx/devkit@"^16.0.0 || ^17.0.0 || ^18.0.0": found 22.3.3
│ ├─┬ @nx-tools/core 5.3.1
│ │ ├── ✕ unmet peer tslib@^2.5.3: found 2.3.0
│ │ └── ✕ unmet peer @nx/devkit@"^16.0.0 || ^17.0.0 || ^18.0.0": found 22.3.3
│ └─┬ @nx-tools/ci-context 5.3.1
│   └── ✕ unmet peer tslib@^2.5.3: found 2.3.0
├─┬ @nx-tools/nx-container 5.0.2
│ ├── ✕ unmet peer @nx/devkit@^16.0.0: found 22.3.3
│ ├─┬ @nx-tools/core 5.0.2
│ │ └── ✕ unmet peer @nx/devkit@^16.0.0: found 22.3.3
│ └─┬ @nx-tools/ci-context 5.0.2
│   └── ✕ unmet peer @nx/devkit@^16.0.0: found 22.3.3
├─┬ @storybook/addon-coverage 3.0.1
│ └─┬ vite-plugin-istanbul 6.0.2
│   └── ✕ unmet peer vite@">=4 <=6": found 7.3.1
├─┬ vite-plugin-node-polyfills 0.8.2
│ └── ✕ unmet peer vite@"^2.0.0 || ^3.0.0 || ^4.0.0": found 7.3.1
├─┬ jest-expo 54.0.16
│ └─┬ jest-watch-typeahead 2.2.1
│   └── ✕ unmet peer jest@"^27.0.0 || ^28.0.0 || ^29.0.0": found 30.0.5
└─┬ chakra-react-select 5.1.1
  └── ✕ unmet peer @chakra-ui/react@2.x: found 3.31.0
[00:56:28.564] [INFO] WARN  Issues with peer dependencies found
.
├─┬ detox 20.43.0
│ └─┬ @wix-pilot/detox 1.0.13
│   └── ✕ unmet peer expect@"29.x.x || 28.x.x || ^27.2.5": found 30.2.0
├─┬ msw 1.3.2
│ └── ✕ unmet peer typescript@">= 4.4.x <= 5.2.x": found 5.9.3
├─┬ react-test-renderer 18.3.1
│ ├── ✕ unmet peer react@^18.3.1: found 19.1.0
│ └─┬ react-shallow-renderer 16.15.0
│   └── ✕ unmet peer react@"^16.0.0 || ^17.0.0 || ^18.0.0": found 19.1.0
├─┬ @storybook/theming 7.6.24
│ ├── ✕ unmet peer react@"^16.8.0 || ^17.0.0 || ^18.0.0": found 19.1.0
│ └── ✕ unmet peer react-dom@"^16.8.0 || ^17.0.0 || ^18.0.0": found 19.1.0
├─┬ @storybook/blocks 7.6.24
│ ├── ✕ unmet peer react@"^16.8.0 || ^17.0.0 || ^18.0.0": found 19.1.0
│ ├── ✕ unmet peer react-dom@"^16.8.0 || ^17.0.0 || ^18.0.0": found 19.1.0
│ └─┬ @storybook/components 7.6.24
│   ├── ✕ unmet peer react@"^16.8.0 || ^17.0.0 || ^18.0.0": found 19.1.0
│   ├── ✕ unmet peer react-dom@"^16.8.0 || ^17.0.0 || ^18.0.0": found 19.1.0
│   ├─┬ use-resize-observer 9.1.0
│   │ ├── ✕ unmet peer react@"16.8.0 - 18": found 19.1.0
│   │ └── ✕ unmet peer react-dom@"16.8.0 - 18": found 19.1.0
│   └─┬ @radix-ui/react-select 1.2.2
│     ├── ✕ unmet peer react@"^16.8 || ^17.0 || ^18.0": found 19.1.0
│     ├── ✕ unmet peer react-dom@"^16.8 || ^17.0 || ^18.0": found 19.1.0
│     ├─┬ react-remove-scroll 2.5.5
│     │ ├── ✕ unmet peer react@"^16.8.0 || ^17.0.0 || ^18.0.0": found 19.1.0
│     │ └── ✕ unmet peer @types/react@"^16.8.0 || ^17.0.0 || ^18.0.0": found 19.1.0
│     ├─┬ @radix-ui/react-id 1.0.1
│     │ ├── ✕ unmet peer react@"^16.8 || ^17.0 || ^18.0": found 19.1.0
│     │ └─┬ @radix-ui/react-use-layout-effect 1.0.1
│     │   └── ✕ unmet peer react@"^16.8 || ^17.0 || ^18.0": found 19.1.0
│     ├─┬ @radix-ui/react-slot 1.0.2
│     │ ├── ✕ unmet peer react@"^16.8 || ^17.0 || ^18.0": found 19.1.0
│     │ └─┬ @radix-ui/react-compose-refs 1.0.1
│     │   └── ✕ unmet peer react@"^16.8 || ^17.0 || ^18.0": found 19.1.0
│     ├─┬ @radix-ui/react-popper 1.1.2
│     │ ├── ✕ unmet peer react@"^16.8 || ^17.0 || ^18.0": found 19.1.0
│     │ ├── ✕ unmet peer react-dom@"^16.8 || ^17.0 || ^18.0": found 19.1.0
│     │ ├─┬ @radix-ui/react-use-size 1.0.1
│     │ │ └── ✕ unmet peer react@"^16.8 || ^17.0 || ^18.0": found 19.1.0
│     │ ├─┬ @radix-ui/react-arrow 1.0.3
│     │ │ ├── ✕ unmet peer react@"^16.8 || ^17.0 || ^18.0": found 19.1.0
│     │ │ ├── ✕ unmet peer react-dom@"^16.8 || ^17.0 || ^18.0": found 19.1.0
│     │ │ └─┬ @radix-ui/react-primitive 1.0.3
│     │ │   ├── ✕ unmet peer react@"^16.8 || ^17.0 || ^18.0": found 19.1.0
│     │ │   └── ✕ unmet peer react-dom@"^16.8 || ^17.0 || ^18.0": found 19.1.0
│     │ ├─┬ @radix-ui/react-use-callback-ref 1.0.1
│     │ │ └── ✕ unmet peer react@"^16.8 || ^17.0 || ^18.0": found 19.1.0
│     │ ├─┬ @radix-ui/react-use-rect 1.0.1
│     │ │ └── ✕ unmet peer react@"^16.8 || ^17.0 || ^18.0": found 19.1.0
│     │ └─┬ @radix-ui/react-context 1.0.1
│     │   └── ✕ unmet peer react@"^16.8 || ^17.0 || ^18.0": found 19.1.0
│     ├─┬ @radix-ui/react-portal 1.0.3
│     │ ├── ✕ unmet peer react@"^16.8 || ^17.0 || ^18.0": found 19.1.0
│     │ └── ✕ unmet peer react-dom@"^16.8 || ^17.0 || ^18.0": found 19.1.0
│     ├─┬ @radix-ui/react-collection 1.0.3
│     │ ├── ✕ unmet peer react@"^16.8 || ^17.0 || ^18.0": found 19.1.0
│     │ └── ✕ unmet peer react-dom@"^16.8 || ^17.0 || ^18.0": found 19.1.0
│     ├─┬ @radix-ui/react-use-previous 1.0.1
│     │ └── ✕ unmet peer react@"^16.8 || ^17.0 || ^18.0": found 19.1.0
│     ├─┬ @radix-ui/react-focus-scope 1.0.3
│     │ ├── ✕ unmet peer react@"^16.8 || ^17.0 || ^18.0": found 19.1.0
│     │ └── ✕ unmet peer react-dom@"^16.8 || ^17.0 || ^18.0": found 19.1.0
│     ├─┬ @radix-ui/react-visually-hidden 1.0.3
│     │ ├── ✕ unmet peer react@"^16.8 || ^17.0 || ^18.0": found 19.1.0
│     │ └── ✕ unmet peer react-dom@"^16.8 || ^17.0 || ^18.0": found 19.1.0
│     ├─┬ @radix-ui/react-focus-guards 1.0.1
│     │ └── ✕ unmet peer react@"^16.8 || ^17.0 || ^18.0": found 19.1.0
│     ├─┬ @radix-ui/react-use-controllable-state 1.0.1
│     │ └── ✕ unmet peer react@"^16.8 || ^17.0 || ^18.0": found 19.1.0
│     ├─┬ @radix-ui/react-dismissable-layer 1.0.4
│     │ ├── ✕ unmet peer react@"^16.8 || ^17.0 || ^18.0": found 19.1.0
│     │ ├── ✕ unmet peer react-dom@"^16.8 || ^17.0 || ^18.0": found 19.1.0
│     │ └─┬ @radix-ui/react-use-escape-keydown 1.0.3
│     │   └── ✕ unmet peer react@"^16.8 || ^17.0 || ^18.0": found 19.1.0
│     └─┬ @radix-ui/react-direction 1.0.1
│       └── ✕ unmet peer react@"^16.8 || ^17.0 || ^18.0": found 19.1.0
├─┬ @chromaui/addon-visual-tests 0.0.105
│ ├── ✕ unmet peer react@"^16.8.0 || ^17.0.0 || ^18.0.0": found 19.1.0
│ ├── ✕ unmet peer react-dom@"^16.8.0 || ^17.0.0 || ^18.0.0": found 19.1.0
│ ├── ✕ unmet peer @storybook/manager-api@^7.2.0: found 8.6.14
│ └─┬ @storybook/design-system 7.15.19
│   ├── ✕ unmet peer react@"^15.0.0 || ^16.0.0 || ^17.0.0": found 19.1.0
│   ├── ✕ unmet peer react-dom@"^15.0.0 || ^16.0.0 || ^17.0.0": found 19.1.0
│   └─┬ react-popper-tooltip 2.11.1
│     ├── ✕ unmet peer react@^16.6.0: found 19.1.0
│     ├── ✕ unmet peer react-dom@^16.6.0: found 19.1.0
│     └─┬ react-popper 1.3.11
│       └── ✕ unmet peer react@"0.14.x || ^15.0.0 || ^16.0.0 || ^17.0.0": found 19.1.0
├─┬ @hookform/devtools 4.3.1
│ ├── ✕ unmet peer react@"^16.8.0 || ^17 || ^18": found 19.1.0
│ └── ✕ unmet peer react-dom@"^16.8.0 || ^17 || ^18": found 19.1.0
├─┬ @types/react-datepicker 4.19.6
│ └─┬ react-popper 2.3.0
│   ├── ✕ unmet peer react@"^16.8.0 || ^17 || ^18": found 19.1.0
│   └── ✕ unmet peer react-dom@"^16.8.0 || ^17 || ^18": found 19.1.0
├─┬ storybook-addon-react-router-v6 2.0.10
│ ├── ✕ unmet peer react@"^16.8.0 || ^17.0.0 || ^18.0.0": found 19.1.0
│ ├── ✕ unmet peer react-dom@"^16.8.0 || ^17.0.0 || ^18.0.0": found 19.1.0
│ ├── ✕ unmet peer @storybook/manager-api@^7.0.0: found 8.6.14
│ └─┬ react-inspector 6.0.2
│   └── ✕ unmet peer react@"^16.8.4 || ^17.0.0 || ^18.0.0": found 19.1.0
├─┬ @embeddedchat/react 0.1.12
│ ├── ✕ unmet peer react@">=17.0.2 <19.0.0": found 19.1.0
│ ├── ✕ unmet peer react-dom@">=17.0.2 <19.0.0": found 19.1.0
│ ├─┬ zustand 4.3.8
│ │ └─┬ use-sync-external-store 1.2.0
│ │   └── ✕ unmet peer react@"^16.8.0 || ^17.0.0 || ^18.0.0": found 19.1.0
│ └─┬ @rocket.chat/fuselage-hooks 0.31.25
│   ├── ✕ unmet peer react@^17.0.2: found 19.1.0
│   └─┬ use-sync-external-store 1.2.2
│     └── ✕ unmet peer react@"^16.8.0 || ^17.0.0 || ^18.0.0": found 19.1.0
├─┬ html-react-parser 3.0.12
│ └── ✕ unmet peer react@"0.14 || 15 || 16 || 17 || 18": found 19.1.0
├─┬ react-datepicker 4.25.0
│ ├── ✕ unmet peer react@"^16.9.0 || ^17 || ^18": found 19.1.0
│ ├── ✕ unmet peer react-dom@"^16.9.0 || ^17 || ^18": found 19.1.0
│ └─┬ react-onclickoutside 6.13.2
│   ├── ✕ unmet peer react@"^15.5.x || ^16.x || ^17.x || ^18.x": found 19.1.0
│   └── ✕ unmet peer react-dom@"^15.5.x || ^16.x || ^17.x || ^18.x": found 19.1.0
├─┬ react-helmet 6.1.0
│ └─┬ react-side-effect 2.1.2
│   └── ✕ unmet peer react@"^16.3.0 || ^17.0.0 || ^18.0.0": found 19.1.0
├─┬ react-spinners 0.13.4
│ ├── ✕ unmet peer react@"^16.0.0 || ^17.0.0 || ^18.0.0": found 19.1.0
│ └── ✕ unmet peer react-dom@"^16.0.0 || ^17.0.0 || ^18.0.0": found 19.1.0
├─┬ react-use 17.4.0
│ ├── ✕ unmet peer react@"^16.8.0  || ^17.0.0 || ^18.0.0": found 19.1.0
│ └── ✕ unmet peer react-dom@"^16.8.0  || ^17.0.0 || ^18.0.0": found 19.1.0
├─┬ rooks 7.4.1
│ ├── ✕ unmet peer react@"^16.8.0  || ^17.0.0 || ^18.0.0": found 19.1.0
│ └── ✕ unmet peer react-dom@"^16.8.0  || ^17.0.0 || ^18.0.0": found 19.1.0
├─┬ vitest 4.0.0
│ └─┬ @vitest/mocker 4.0.0
│   └── ✕ unmet peer msw@^2.4.9: found 1.3.2
├─┬ @storybook/manager-api 8.6.14
│ └── ✕ unmet peer storybook@"^8.2.0 || ^8.3.0-0 || ^8.4.0-0 || ^8.5.0-0 || ^8.6.0-0": found 10.4.1
├─┬ @storybook/addon-storysource 8.6.14
│ ├── ✕ unmet peer storybook@^8.6.14: found 10.4.1
│ └─┬ @storybook/source-loader 8.6.14
│   └── ✕ unmet peer storybook@^8.6.14: found 10.4.1
├─┬ eslint-plugin-jest 25.7.0
│ └── ✕ unmet peer @typescript-eslint/eslint-plugin@"^4.0.0 || ^5.0.0": found 7.18.0
├─┬ @ns3/nx-playwright 4.2.0
│ └─┬ @ns3/nx-core 4.5.1
│   └─┬ @nx/devkit 16.8.1
│     ├── ✕ unmet peer nx@">= 15 <= 17": found 22.3.3
│     └─┬ @nrwl/devkit 16.8.1
│       └─┬ @nx/devkit 16.8.1
│         ├── ✕ unmet peer nx@">= 15 <= 17": found 22.3.3
│         └─┬ @nrwl/devkit 16.8.1
│           └─┬ @nx/devkit 16.8.1
│             └── ✕ unmet peer nx@">= 15 <= 17": found 22.3.3
├─┬ @nx-tools/container-metadata 5.3.1
│ ├── ✕ unmet peer tslib@^2.5.3: found 2.3.0
│ ├── ✕ unmet peer @nx/devkit@"^16.0.0 || ^17.0.0 || ^18.0.0": found 22.3.3
│ ├─┬ @nx-tools/core 5.3.1
│ │ ├── ✕ unmet peer tslib@^2.5.3: found 2.3.0
│ │ └── ✕ unmet peer @nx/devkit@"^16.0.0 || ^17.0.0 || ^18.0.0": found 22.3.3
│ └─┬ @nx-tools/ci-context 5.3.1
│   └── ✕ unmet peer tslib@^2.5.3: found 2.3.0
├─┬ @nx-tools/nx-container 5.0.2
│ ├── ✕ unmet peer @nx/devkit@^16.0.0: found 22.3.3
│ ├─┬ @nx-tools/core 5.0.2
│ │ └── ✕ unmet peer @nx/devkit@^16.0.0: found 22.3.3
│ └─┬ @nx-tools/ci-context 5.0.2
│   └── ✕ unmet peer @nx/devkit@^16.0.0: found 22.3.3
├─┬ @storybook/addon-coverage 3.0.1
│ └─┬ vite-plugin-istanbul 6.0.2
│   └── ✕ unmet peer vite@">=4 <=6": found 7.3.1
├─┬ vite-plugin-node-polyfills 0.8.2
│ └── ✕ unmet peer vite@"^2.0.0 || ^3.0.0 || ^4.0.0": found 7.3.1
├─┬ jest-expo 54.0.16
│ └─┬ jest-watch-typeahead 2.2.1
│   └── ✕ unmet peer jest@"^27.0.0 || ^28.0.0 || ^29.0.0": found 30.0.5
└─┬ chakra-react-select 5.1.1
  └── ✕ unmet peer @chakra-ui/react@2.x: found 3.31.0
[00:56:28.584] [INFO] ╭ Warning ─────────────────────────────────────────────────────────────────────╮
│                                                                              │
│   Ignored build scripts: @parcel/watcher@2.5.4, @swc/core@1.15.10,           │
│   core-js-pure@3.47.0, core-js@3.36.1, cypress@15.8.0, detox@20.43.0,        │
│   dtrace-provider@0.8.8, esbuild@0.18.20, esbuild@0.19.12,                   │
│   esbuild@0.25.12, esbuild@0.27.2, less@4.5.1, msw@1.3.2, nx@22.3.3,         │
│   unrs-resolver@1.11.1.                                                      │
│   Run "pnpm approve-builds" to pick which dependencies should be allowed     │
│   to run scripts.                                                            │
│                                                                              │
╰──────────────────────────────────────────────────────────────────────────────╯
[00:56:28.584] [INFO] ╭ Warning ─────────────────────────────────────────────────────────────────────╮
│                                                                              │
│   Ignored build scripts: @parcel/watcher@2.5.4, @swc/core@1.15.10,           │
│   core-js-pure@3.47.0, core-js@3.36.1, cypress@15.8.0, detox@20.43.0,        │
│   dtrace-provider@0.8.8, esbuild@0.18.20, esbuild@0.19.12,                   │
│   esbuild@0.25.12, esbuild@0.27.2, less@4.5.1, msw@1.3.2, nx@22.3.3,         │
│   unrs-resolver@1.11.1.                                                      │
│   Run "pnpm approve-builds" to pick which dependencies should be allowed     │
│   to run scripts.                                                            │
│                                                                              │
╰──────────────────────────────────────────────────────────────────────────────╯
[00:56:28.767] [INFO] Dependencies deduplicated
[00:56:28.767] [INFO] [32mDependencies deduplicated[39m
[00:56:28.768] [INFO] Checking the health of your project(s)..
[00:56:28.769] [DEBUG] Using cached package.json for D:\documents-from-c\GitHub\rh-nx-monorepo\libs\portal\ui\package.json...
[00:56:28.769] [DEBUG] Using cached package.json for D:\documents-from-c\GitHub\rh-nx-monorepo\package.json...
[00:56:28.779] [DEBUG] Executing command: pnpm list "@storybook/*" "storybook" --json --depth=99
[00:56:29.070] [DEBUG] Using cached package.json for D:\documents-from-c\GitHub\rh-nx-monorepo\libs\shared\ui\package.json...
[00:56:29.070] [DEBUG] Using cached package.json for D:\documents-from-c\GitHub\rh-nx-monorepo\package.json...
[00:56:29.079] [DEBUG] Executing command: pnpm list "@storybook/*" "storybook" --json --depth=99
[00:56:29.376] [WARN] Found 1 issue across 2 projects
[00:56:29.377] [INFO] You are currently using Storybook [1m10.4.1[22m but you have packages which are incompatible with it:

- @storybook/addon-storysource@8.6.14 which depends on ^8.6.14
 Repo: https://github.com/storybookjs/storybook/tree/next/code/addons/storysource
- storybook-addon-react-router-v6@2.0.10 which depends on ^7.0.0
 Repo: https://github.com/JesusTheHun/storybook-addon-react-router-v6#readme

Please consider updating your packages or contacting the maintainers for compatibility details.

For more details on compatibility guidance, see:
https://github.com/storybookjs/storybook/issues/32836

Affected projects: D:/documents-from-c/GitHub/rh-nx-monorepo/libs/portal/ui/.storybook, D:/documents-from-c/GitHub/rh-nx-monorepo/libs/shared/ui/.storybook
[00:56:29.378] [INFO] Storybook doctor is complete!
[00:56:29.378] [INFO] You can always recheck the health of your project(s) by running:
[36mnpx storybook doctor[39m
[00:56:29.379] [INFO] [33mYour project(s) have been upgraded successfully, but some issues were found which need your attention, please check Storybook doctor logs above.[39m
[00:56:29.379] [INFO] If you want to learn more about the automigrations that executed in your project(s), please check the following links:
• ]8;;https://github.com/storybookjs/storybook/blob/next/MIGRATION.md#dropped-support-for-legacy-packagesconsolidated-imports]8;;
• ]8;;https://storybook.js.org/docs/faq#how-do-i-fix-module-resolution-in-special-environmentswrap-getAbsolutePath]8;;
• ]8;;https://storybook.js.org/docs/faq#how-do-i-fix-module-resolution-in-special-environmentsfix-faux-esm-require]8;;
[00:56:29.380] [INFO] For a full list of changes, please check our migration guide: [36mhttps://storybook.js.org/docs/releases/migration-guide?ref=upgrade[39m
[00:56:29.380] [INFO] Storybook upgrade completed!